time,summary,icon,sunriseTime,sunsetTime,moonPhase,precipIntensity,precipIntensityMax,precipIntensityMaxTime,precipProbability,precipType,temperatureHigh,temperatureHighTime,temperatureLow,temperatureLowTime,apparentTemperatureHigh,apparentTemperatureHighTime,apparentTemperatureLow,apparentTemperatureLowTime,dewPoint,humidity,pressure,windSpeed,windGust,windGustTime,windBearing,cloudCover,uvIndex,uvIndexTime,visibility,temperatureMin,temperatureMinTime,temperatureMax,temperatureMaxTime,apparentTemperatureMin,apparentTemperatureMinTime,apparentTemperatureMax,apparentTemperatureMaxTime,precipAccumulation
2017-09-30T04:00:00Z,Mostly cloudy throughout the day.,partly-cloudy-day,2017-09-30T10:52:59Z,2017-09-30T22:40:49Z,0.33,5e-4,0.0048,2017-09-30T19:00:00Z,0.15,rain,62.64,1506794400,49.28,1506855600,62.64,1506794400,49.28,1506855600,49.53,0.72,1020.62,3.59,13.2,1506805200,345,0.71,4,1506787200,9.97,54.54,2017-10-01T03:00:00Z,62.64,2017-09-30T18:00:00Z,54.54,2017-10-01T03:00:00Z,62.64,2017-09-30T18:00:00Z,
2017-10-01T04:00:00Z,Partly cloudy in the morning.,partly-cloudy-night,2017-10-01T10:54:00Z,2017-10-01T22:39:09Z,0.36,0,0,,0,,67.15,1506891600,49.06,1506942000,67.15,1506891600,49.06,1506942000,45.68,0.66,1027.62,1.24,6.35,1506866400,2,0.2,5,1506873600,9.99,49.28,2017-10-01T11:00:00Z,67.15,2017-10-01T21:00:00Z,49.28,2017-10-01T11:00:00Z,67.15,2017-10-01T21:00:00Z,
2017-10-02T04:00:00Z,Clear throughout the day.,clear-day,2017-10-02T10:55:00Z,2017-10-02T22:37:29Z,0.39,0,0,,0,,71.47,1506974400,51.02,1507024800,71.47,1506974400,51.02,1507024800,45.38,0.62,1029.23,0.35,6.19,1506952800,48,0,5,1506960000,9.98,49.06,2017-10-02T11:00:00Z,71.47,2017-10-02T20:00:00Z,49.06,2017-10-02T11:00:00Z,71.47,2017-10-02T20:00:00Z,
2017-10-03T04:00:00Z,Partly cloudy until afternoon.,partly-cloudy-day,2017-10-03T10:56:01Z,2017-10-03T22:35:50Z,0.42,0,0,,0,,68.63,1507057200,51.27,1507114800,68.63,1507057200,51.27,1507114800,49.23,0.7,1035.49,1.95,8.25,1507050000,136,0.12,4,1507046400,9.99,51.02,2017-10-03T10:00:00Z,68.63,2017-10-03T19:00:00Z,51.02,2017-10-03T10:00:00Z,68.63,2017-10-03T19:00:00Z,
2017-10-04T04:00:00Z,Partly cloudy overnight.,partly-cloudy-night,2017-10-04T10:57:01Z,2017-10-04T22:34:11Z,0.46,0,0,,0,,74.48,1507147200,63.18,1507201200,74.48,1507147200,63.18,1507201200,53.96,0.73,1028.62,3.15,9.57,1507150800,225,0.02,5,1507132800,9.99,51.27,2017-10-04T11:00:00Z,74.48,2017-10-04T20:00:00Z,51.27,2017-10-04T11:00:00Z,74.48,2017-10-04T20:00:00Z,
2017-10-05T04:00:00Z,Mostly cloudy throughout the day.,partly-cloudy-day,2017-10-05T10:58:03Z,2017-10-05T22:32:32Z,0.49,2e-4,0.005,2017-10-06T03:00:00Z,0.33,rain,81.74,1507233600,66.43,1507287600,83.05,1507233600,67,1507291200,60.64,0.69,1019.68,4.04,9.07,1507176000,239,0.51,5,1507219200,9.99,63.18,2017-10-05T11:00:00Z,81.74,2017-10-05T20:00:00Z,63.18,2017-10-05T11:00:00Z,83.05,2017-10-05T20:00:00Z,
2017-10-06T04:00:00Z,Partly cloudy throughout the day.,partly-cloudy-day,2017-10-06T10:59:04Z,2017-10-06T22:30:55Z,0.53,3e-4,0.0043,2017-10-06T04:00:00Z,0.35,rain,79.86,1507312800,65.02,1507374000,79.96,1507312800,65.54,1507374000,63.5,0.77,1018.6,1.3,6.54,1507312800,242,0.41,5,1507305600,9.76,66.43,2017-10-06T11:00:00Z,79.86,2017-10-06T18:00:00Z,67,2017-10-06T12:00:00Z,79.96,2017-10-06T18:00:00Z,
2017-10-07T04:00:00Z,Partly cloudy throughout the day.,partly-cloudy-day,2017-10-07T11:00:06Z,2017-10-07T22:29:17Z,0.57,0,0,,0,,78.99,1507399200,71.63,1507435200,79.56,1507399200,72.5,1507431600,65.15,0.81,1018.89,2.51,9.52,1507420800,173,0.38,5,1507395600,9.1,65.02,2017-10-07T11:00:00Z,78.99,2017-10-07T18:00:00Z,65.54,2017-10-07T11:00:00Z,79.56,2017-10-07T18:00:00Z,
2017-10-08T04:00:00Z,Rain until afternoon.,rain,2017-10-08T11:01:08Z,2017-10-08T22:27:41Z,0.6,0.0051,0.0584,2017-10-08T14:00:00Z,0.87,rain,76.8,1507492800,71.73,1507546800,78.21,1507492800,73.07,1507546800,70.34,0.89,1014.69,4.38,9.58,1507456800,200,0.8,3,1507474800,9.22,71.63,2017-10-08T04:00:00Z,76.8,2017-10-08T20:00:00Z,72.52,2017-10-08T04:00:00Z,78.21,2017-10-08T20:00:00Z,
2017-10-09T04:00:00Z,Rain in the afternoon.,rain,2017-10-09T11:02:11Z,2017-10-09T22:26:05Z,0.64,0.0098,0.0788,2017-10-09T18:00:00Z,0.95,rain,74.67,1507590000,66.07,1507633200,76.23,1507590000,66.39,1507633200,71.45,0.94,1013.49,4.1,15.05,1507572000,189,0.88,3,1507561200,7.73,71.73,2017-10-09T11:00:00Z,75.15,2017-10-10T03:00:00Z,73.07,2017-10-09T11:00:00Z,76.75,2017-10-10T03:00:00Z,
2017-10-10T04:00:00Z,Clear throughout the day.,clear-day,2017-10-10T11:03:14Z,2017-10-10T22:24:29Z,0.68,0,5e-4,2017-10-10T04:00:00Z,0,,79.73,1507665600,63.32,1507708800,81.07,1507665600,63.32,1507708800,63.35,0.74,1017.29,2.26,7.57,1507654800,308,0.24,4,1507651200,9.96,66.07,2017-10-10T11:00:00Z,79.73,2017-10-10T20:00:00Z,66.39,2017-10-10T11:00:00Z,81.07,2017-10-10T20:00:00Z,
2017-10-11T04:00:00Z,Mostly cloudy throughout the day.,partly-cloudy-day,2017-10-11T11:04:17Z,2017-10-11T22:22:54Z,0.72,8e-4,0.0091,2017-10-11T23:00:00Z,0.41,rain,73.24,1507744800,57.15,1507809600,73.31,1507744800,57.15,1507809600,59.71,0.77,1020.02,2.43,10.31,1507773600,74,0.47,4,1507737600,9.92,63.32,2017-10-11T08:00:00Z,73.24,2017-10-11T18:00:00Z,63.32,2017-10-11T08:00:00Z,73.31,2017-10-11T18:00:00Z,
2017-10-12T04:00:00Z,Light rain in the morning.,rain,2017-10-12T11:05:21Z,2017-10-12T22:21:20Z,0.75,0.0043,0.0208,2017-10-12T09:00:00Z,0.89,rain,63.4,1507838400,52.36,1507888800,63.4,1507838400,52.36,1507888800,51.23,0.73,1026.52,5.5,12.55,1507827600,73,0.72,3,1507820400,9.91,56.32,2017-10-13T03:00:00Z,64.04,2017-10-12T04:00:00Z,56.32,2017-10-13T03:00:00Z,64.04,2017-10-12T04:00:00Z,
2017-10-13T04:00:00Z,Mostly cloudy throughout the day.,partly-cloudy-day,2017-10-13T11:06:25Z,2017-10-13T22:19:47Z,0.79,0,0,,0,,64.79,1507921200,61.27,1507964400,64.79,1507921200,61.41,1507964400,51.45,0.77,1029.32,3.81,8.33,1507914000,71,0.78,3,1507906800,9.98,52.36,2017-10-13T10:00:00Z,64.79,2017-10-13T19:00:00Z,52.36,2017-10-13T10:00:00Z,64.79,2017-10-13T19:00:00Z,
2017-10-14T04:00:00Z,Overcast throughout the day.,cloudy,2017-10-14T11:07:29Z,2017-10-14T22:18:15Z,0.83,0.0013,0.0073,2017-10-14T08:00:00Z,0.51,rain,70.8,1508011200,64.72,1508061600,71.26,1508011200,65.27,1508061600,61.58,0.87,1023.7,1.17,4.24,1507996800,35,0.98,3,1507996800,8.74,61.27,2017-10-14T07:00:00Z,70.8,2017-10-14T20:00:00Z,61.41,2017-10-14T07:00:00Z,71.26,2017-10-14T20:00:00Z,
2017-10-15T04:00:00Z,Overcast throughout the day.,cloudy,2017-10-15T11:08:34Z,2017-10-15T22:16:43Z,0.86,1e-4,6e-4,2017-10-15T13:00:00Z,0.12,rain,72.06,1508090400,58.5,1508155200,72.57,1508090400,58.5,1508155200,63.52,0.86,1015.81,3.43,10.72,1508104800,218,0.97,3,1508083200,8.66,64.72,2017-10-15T10:00:00Z,72.06,2017-10-15T18:00:00Z,65.27,2017-10-15T10:00:00Z,72.57,2017-10-15T18:00:00Z,
2017-10-16T04:00:00Z,Partly cloudy until evening.,partly-cloudy-day,2017-10-16T11:09:39Z,2017-10-16T22:15:13Z,0.9,6e-4,0.0066,2017-10-16T09:00:00Z,0.47,rain,60.14,1508151600,40.88,1508238000,60.14,1508151600,40.88,1508238000,47.33,0.67,1015.67,5.15,12.45,1508184000,319,0.57,4,1508173200,9.92,48.78,2017-10-17T03:00:00Z,68.48,2017-10-16T05:00:00Z,46.26,2017-10-17T03:00:00Z,69.23,2017-10-16T05:00:00Z,
2017-10-17T04:00:00Z,Clear throughout the day.,clear-day,2017-10-17T11:10:45Z,2017-10-17T22:13:43Z,0.93,0,0,,0,,59.42,1508270400,47.03,1508324400,59.42,1508270400,47.03,1508324400,35.34,0.59,1025.71,0.91,9.23,1508212800,320,0.01,4,1508256000,9.99,40.88,2017-10-17T11:00:00Z,59.42,2017-10-17T20:00:00Z,40.88,2017-10-17T11:00:00Z,59.42,2017-10-17T20:00:00Z,
2017-10-18T04:00:00Z,Clear throughout the day.,clear-day,2017-10-18T11:11:51Z,2017-10-18T22:12:14Z,0.97,0,0,,0,,71.99,1508356800,50.33,1508410800,71.99,1508356800,50.33,1508410800,44.48,0.62,1025.86,2.14,5.66,1508360400,238,0,4,1508342400,9.97,47.03,2017-10-18T11:00:00Z,71.99,2017-10-18T20:00:00Z,47.03,2017-10-18T11:00:00Z,71.99,2017-10-18T20:00:00Z,
2017-10-19T04:00:00Z,Clear throughout the day.,clear-day,2017-10-19T11:12:57Z,2017-10-19T22:10:46Z,0.01,0,0,,0,,70.81,1508443200,54.94,1508497200,70.81,1508443200,54.94,1508497200,46.81,0.63,1022.43,3.09,10.2,1508428800,228,0.02,4,1508428800,9.95,50.33,2017-10-19T11:00:00Z,70.81,2017-10-19T20:00:00Z,50.33,2017-10-19T11:00:00Z,70.81,2017-10-19T20:00:00Z,
2017-10-20T04:00:00Z,Clear throughout the day.,clear-day,2017-10-20T11:14:04Z,2017-10-20T22:09:19Z,0.03,0,0,,0,,73.48,1508529600,49.55,1508583600,73.48,1508529600,49.55,1508583600,42.21,0.5,1020.36,3.04,10.31,1508522400,295,0.02,4,1508515200,9.96,54.94,2017-10-20T11:00:00Z,73.48,2017-10-20T20:00:00Z,54.94,2017-10-20T11:00:00Z,73.48,2017-10-20T20:00:00Z,
2017-10-21T04:00:00Z,Clear throughout the day.,clear-day,2017-10-21T11:15:11Z,2017-10-21T22:07:54Z,0.06,0,0,,0,,77.48,1508612400,50.53,1508670000,77.48,1508612400,50.53,1508670000,43.6,0.52,1026.2,0.79,5.03,1508612400,230,0.05,4,1508601600,9.97,49.55,2017-10-21T11:00:00Z,77.48,2017-10-21T19:00:00Z,49.55,2017-10-21T11:00:00Z,77.48,2017-10-21T19:00:00Z,
2017-10-22T04:00:00Z,Partly cloudy in the morning.,partly-cloudy-day,2017-10-22T11:16:19Z,2017-10-22T22:06:29Z,0.09,0,0,,0,,74.02,1508695200,57.81,1508734800,74.02,1508695200,57.81,1508734800,49.33,0.66,1028.69,1.03,7.1,1508698800,173,0.13,4,1508691600,9.93,50.53,2017-10-22T11:00:00Z,74.02,2017-10-22T18:00:00Z,50.53,2017-10-22T11:00:00Z,74.02,2017-10-22T18:00:00Z,
2017-10-23T04:00:00Z,Mostly cloudy throughout the day.,partly-cloudy-day,2017-10-23T11:17:27Z,2017-10-23T22:05:05Z,0.12,0,0,,0,,72.25,1508781600,68.11,1508803200,72.55,1508781600,68.58,1508803200,60.48,0.84,1023.61,3.18,12.51,1508810400,152,0.73,3,1508774400,9.71,57.81,2017-10-23T05:00:00Z,72.25,2017-10-23T18:00:00Z,57.81,2017-10-23T05:00:00Z,72.55,2017-10-23T18:00:00Z,
2017-10-24T04:00:00Z,"Rain starting in the afternoon, continuing until evening.",rain,2017-10-24T11:18:35Z,2017-10-24T22:03:43Z,0.15,0.0163,0.0865,2017-10-24T19:00:00Z,0.82,rain,73.15,1508860800,56.63,1508932800,73.97,1508860800,56.63,1508932800,66.03,0.89,1010.27,6.57,21.63,1508860800,167,0.92,3,1508860800,8.79,66.69,2017-10-25T03:00:00Z,73.15,2017-10-24T16:00:00Z,67.51,2017-10-25T03:00:00Z,73.97,2017-10-24T16:00:00Z,
2017-10-25T04:00:00Z,Partly cloudy in the morning.,partly-cloudy-night,2017-10-25T11:19:44Z,2017-10-25T22:02:22Z,0.18,5e-4,0.0056,2017-10-25T05:00:00Z,0.14,rain,64.7,1508958000,52.41,1509015600,64.7,1508958000,52.41,1509015600,52.25,0.73,1006.28,1.22,5.34,1508986800,294,0.61,3,1508947200,9.68,56.63,2017-10-25T12:00:00Z,66.48,2017-10-25T04:00:00Z,56.63,2017-10-25T12:00:00Z,67.27,2017-10-25T04:00:00Z,
2017-10-26T04:00:00Z,Mostly cloudy until evening.,partly-cloudy-day,2017-10-26T11:20:52Z,2017-10-26T22:01:02Z,0.21,3e-4,0.0018,2017-10-26T20:00:00Z,0.15,rain,55.83,1509044400,44.05,1509102000,55.83,1509044400,44.05,1509102000,41.91,0.63,1006.38,4.45,10.98,1509051600,300,0.73,3,1509037200,10,49.88,2017-10-27T03:00:00Z,57.75,2017-10-26T04:00:00Z,49.09,2017-10-27T03:00:00Z,57.75,2017-10-26T04:00:00Z,
2017-10-27T04:00:00Z,Clear throughout the day.,clear-day,2017-10-27T11:22:02Z,2017-10-27T21:59:43Z,0.24,0,0,,0,,62.28,1509134400,47.83,1509184800,62.28,1509134400,47.83,1509184800,39.95,0.63,1017.87,2.05,7.39,1509123600,229,0.02,3,1509116400,10,44.05,2017-10-27T11:00:00Z,62.28,2017-10-27T20:00:00Z,44.05,2017-10-27T11:00:00Z,62.28,2017-10-27T20:00:00Z,
2017-10-28T04:00:00Z,Partly cloudy throughout the day.,partly-cloudy-night,2017-10-28T11:23:11Z,2017-10-28T21:58:25Z,0.28,0,0,,0,,68,1509213600,60.87,1509271200,68,1509213600,60.99,1509267600,49.79,0.74,1016.06,3.15,12.35,1509224400,182,0.28,3,1509206400,9.97,47.83,2017-10-28T10:00:00Z,68,2017-10-28T18:00:00Z,47.83,2017-10-28T10:00:00Z,68,2017-10-28T18:00:00Z,
2017-10-29T04:00:00Z,Heavy rain throughout the day.,rain,2017-10-29T11:24:21Z,2017-10-29T21:57:09Z,0.31,0.0974,0.3082,2017-10-30T02:00:00Z,0.96,rain,64.72,1509310800,46.8,1509364800,65.38,1509310800,42.28,1509364800,61.04,0.93,1002.32,4.11,18.67,1509332400,127,0.98,2,1509289200,6.14,60.87,2017-10-29T10:00:00Z,65.17,2017-10-30T03:00:00Z,60.99,2017-10-29T09:00:00Z,65.92,2017-10-30T03:00:00Z,
2017-10-30T04:00:00Z,Light rain in the morning.,rain,2017-10-30T11:25:31Z,2017-10-30T21:55:54Z,0.34,0.011,0.0764,2017-10-30T04:00:00Z,0.89,rain,55.83,1509386400,45.58,1509451200,55.83,1509386400,44.34,1509451200,43.28,0.7,996.7,6.61,21.88,1509379200,266,0.57,3,1509382800,9.45,46.8,2017-10-30T12:00:00Z,61.39,2017-10-30T04:00:00Z,42.28,2017-10-30T12:00:00Z,61.6,2017-10-30T04:00:00Z,
2017-10-31T04:00:00Z,Partly cloudy in the morning.,partly-cloudy-night,2017-10-31T11:26:42Z,2017-10-31T21:54:40Z,0.37,0,0,,0,,56.73,1509476400,39.12,1509530400,56.73,1509476400,39.12,1509530400,34.95,0.56,1017.33,4.98,15.25,1509472800,264,0.09,3,1509465600,10,45.58,2017-10-31T12:00:00Z,56.73,2017-10-31T19:00:00Z,44.34,2017-10-31T12:00:00Z,56.73,2017-10-31T19:00:00Z,
2017-11-01T04:00:00Z,Mostly cloudy throughout the day.,partly-cloudy-day,2017-11-01T11:27:52Z,2017-11-01T21:53:28Z,0.41,0,0,,0,,55.07,1509570000,54.09,1509580800,55.07,1509570000,54.09,1509580800,38.21,0.67,1026.16,1.01,5.33,1509566400,79,0.66,2,1509548400,10,39.12,2017-11-01T10:00:00Z,55.81,2017-11-02T03:00:00Z,39.12,2017-11-01T10:00:00Z,55.81,2017-11-02T03:00:00Z,
2017-11-02T04:00:00Z,Partly cloudy throughout the day.,partly-cloudy-day,2017-11-02T11:29:03Z,2017-11-02T21:52:18Z,0.44,2e-4,0.005,2017-11-02T21:00:00Z,0.03,rain,71.98,1509649200,58.94,1509703200,72.1,1509649200,58.94,1509703200,57.84,0.83,1023.87,2.1,8.66,1509649200,178,0.64,3,1509638400,9.56,56.49,2017-11-02T04:00:00Z,71.98,2017-11-02T19:00:00Z,56.49,2017-11-02T04:00:00Z,72.1,2017-11-02T19:00:00Z,
2017-11-03T04:00:00Z,Partly cloudy in the morning.,partly-cloudy-night,2017-11-03T11:30:14Z,2017-11-03T21:51:08Z,0.47,0,2e-4,2017-11-03T15:00:00Z,0,,73.03,1509735600,44.77,1509796800,73.06,1509735600,44.77,1509796800,56.34,0.78,1018.55,2.1,14.07,1509753600,274,0.36,3,1509724800,9.44,53.58,2017-11-04T03:00:00Z,73.03,2017-11-03T19:00:00Z,53.58,2017-11-04T03:00:00Z,73.06,2017-11-03T19:00:00Z,
2017-11-04T04:00:00Z,Mostly cloudy starting in the evening.,partly-cloudy-night,2017-11-04T11:31:26Z,2017-11-04T21:50:01Z,0.52,0,0,,0,,55.66,1509822000,50.26,1509843600,55.66,1509822000,50.26,1509843600,38.07,0.63,1026.24,2.32,10.29,1509768000,43,0.15,3,1509811200,10,44.77,2017-11-04T12:00:00Z,55.66,2017-11-04T19:00:00Z,44.77,2017-11-04T12:00:00Z,55.66,2017-11-04T19:00:00Z,
2017-11-05T04:00:00Z,Overcast throughout the day.,cloudy,2017-11-05T11:32:37Z,2017-11-05T21:48:54Z,0.55,0.0019,0.007,2017-11-05T07:00:00Z,0.58,rain,59.53,1509926400,59.48,1509944400,59.64,1509926400,59.62,1509944400,52.63,0.88,1022.83,2.02,6.82,1509865200,95,0.99,2,1509894000,7.77,52.25,2017-11-05T06:00:00Z,59.73,2017-11-06T01:00:00Z,52.25,2017-11-05T06:00:00Z,59.86,2017-11-06T01:00:00Z,
2017-11-06T05:00:00Z,Mostly cloudy throughout the day.,partly-cloudy-day,2017-11-06T11:33:52Z,2017-11-06T21:47:47Z,0.59,2e-4,8e-4,2017-11-06T21:00:00Z,0.12,rain,65.45,1509994800,41.13,1510052400,65.54,1509994800,39.62,1510056000,55.77,0.86,1014.84,2.63,12.38,1510009200,257,0.84,2,1509980400,8.97,47.77,2017-11-07T04:00:00Z,65.45,2017-11-06T19:00:00Z,45.62,2017-11-07T04:00:00Z,65.54,2017-11-06T19:00:00Z,
2017-11-07T05:00:00Z,Rain starting in the evening.,rain,2017-11-07T11:35:03Z,2017-11-07T21:46:44Z,0.63,0.0204,0.11,2017-11-08T00:00:00Z,0.93,rain,48.22,1510070400,39.33,1510120800,47.49,1510070400,34.93,1510128000,36.6,0.76,1021.75,3.97,10.49,1510110000,14,0.57,2,1510066800,9.05,40.21,2017-11-08T04:00:00Z,48.22,2017-11-07T16:00:00Z,36.06,2017-11-08T03:00:00Z,47.49,2017-11-07T16:00:00Z,
2017-11-08T05:00:00Z,Mostly cloudy throughout the day.,partly-cloudy-day,2017-11-08T11:36:15Z,2017-11-08T21:45:43Z,0.67,9e-4,0.0178,2017-11-08T05:00:00Z,0.78,rain,48.38,1510171200,38.36,1510225200,48.38,1510171200,38.36,1510225200,36.87,0.78,1023.86,3.54,11.72,1510128000,29,0.86,2,1510153200,10,39.33,2017-11-08T06:00:00Z,48.38,2017-11-08T20:00:00Z,34.93,2017-11-08T08:00:00Z,48.38,2017-11-08T20:00:00Z,
2017-11-09T05:00:00Z,Mostly cloudy throughout the day.,partly-cloudy-day,2017-11-09T11:37:27Z,2017-11-09T21:44:43Z,0.7,0,2e-4,2017-11-09T14:00:00Z,0,,53.14,1510254000,37.54,1510318800,53.14,1510254000,31.04,1510318800,39.88,0.77,1020.75,0.93,7.12,1510286400,105,0.63,2,1510239600,9.99,38.36,2017-11-09T11:00:00Z,53.14,2017-11-09T19:00:00Z,38.36,2017-11-09T11:00:00Z,53.14,2017-11-09T19:00:00Z,
2017-11-10T05:00:00Z,Partly cloudy until afternoon.,partly-cloudy-day,2017-11-10T11:38:38Z,2017-11-10T21:43:45Z,0.74,2e-4,0.0021,2017-11-10T06:00:00Z,0.26,rain,39.1,1510315200,24.13,1510398000,33.13,1510315200,16.99,1510390800,20.96,0.54,1023.47,7,19.43,1510333200,318,0.34,2,1510326000,9.97,25.45,2017-11-11T04:00:00Z,51.34,2017-11-10T05:00:00Z,18.47,2017-11-11T02:00:00Z,51.34,2017-11-10T05:00:00Z,
2017-11-11T05:00:00Z,Clear throughout the day.,clear-day,2017-11-11T11:39:50Z,2017-11-11T21:42:49Z,0.78,1e-4,3e-4,2017-11-11T17:00:00Z,0.02,snow,37.75,1510430400,29.37,1510480800,37.75,1510430400,29.37,1510480800,12.48,0.48,1034.04,2.88,9.9,1510387200,337,0.06,3,1510416000,10,24.13,2017-11-11T11:00:00Z,37.75,2017-11-11T20:00:00Z,16.99,2017-11-11T09:00:00Z,37.75,2017-11-11T20:00:00Z,0
2017-11-12T05:00:00Z,Partly cloudy throughout the day.,partly-cloudy-night,2017-11-12T11:41:01Z,2017-11-12T21:41:54Z,0.81,2e-4,0.001,2017-11-12T17:00:00Z,0.04,rain,46.06,1510513200,38.67,1510542000,46.06,1510513200,38.67,1510542000,22.93,0.57,1031.53,0.45,5.75,1510516800,241,0.26,2,1510498800,10,29.37,2017-11-12T10:00:00Z,46.06,2017-11-12T19:00:00Z,29.37,2017-11-12T10:00:00Z,46.06,2017-11-12T19:00:00Z,
2017-11-13T05:00:00Z,Light rain in the morning.,rain,2017-11-13T11:42:13Z,2017-11-13T21:41:01Z,0.85,0.0025,0.0167,2017-11-13T14:00:00Z,0.82,rain,46.79,1510603200,35.19,1510657200,45.57,1510606800,35.19,1510657200,34.64,0.75,1026.99,2.43,7.02,1510603200,21,0.68,2,1510588800,9.58,38.18,2017-11-14T04:00:00Z,46.79,2017-11-13T20:00:00Z,38.18,2017-11-14T04:00:00Z,45.57,2017-11-13T21:00:00Z,
2017-11-14T05:00:00Z,Mostly cloudy throughout the day.,partly-cloudy-night,2017-11-14T11:43:24Z,2017-11-14T21:40:10Z,0.88,2e-4,6e-4,2017-11-14T14:00:00Z,0.03,rain,46.38,1510686000,35.28,1510747200,44.7,1510689600,35.28,1510747200,33.32,0.75,1026.42,2.91,7.35,1510686000,16,0.59,2,1510671600,9.98,35.19,2017-11-14T11:00:00Z,46.38,2017-11-14T19:00:00Z,35.19,2017-11-14T11:00:00Z,44.7,2017-11-14T20:00:00Z,
2017-11-15T05:00:00Z,Mostly cloudy starting in the afternoon.,partly-cloudy-night,2017-11-15T11:44:35Z,2017-11-15T21:39:21Z,0.91,0,3e-4,2017-11-15T15:00:00Z,0,,48.3,1510772400,47.2,1510794000,48.3,1510772400,46.32,1510794000,34.84,0.73,1023.6,1.73,6.37,1510765200,70,0.63,2,1510758000,9.96,35.28,2017-11-15T12:00:00Z,48.6,2017-11-16T04:00:00Z,35.28,2017-11-15T12:00:00Z,48.6,2017-11-16T04:00:00Z,
2017-11-16T05:00:00Z,Light rain in the morning.,rain,2017-11-16T11:45:46Z,2017-11-16T21:38:34Z,0.95,0.0061,0.0464,2017-11-16T12:00:00Z,0.81,rain,56.53,1510858800,39.47,1510920000,56.53,1510858800,33.9,1510920000,41.84,0.73,1011.78,3.79,16.03,1510862400,261,0.73,2,1510848000,9.64,44.11,2017-11-17T04:00:00Z,56.53,2017-11-16T19:00:00Z,40.95,2017-11-17T04:00:00Z,56.53,2017-11-16T19:00:00Z,
2017-11-17T05:00:00Z,Mostly cloudy in the morning.,partly-cloudy-night,2017-11-17T11:46:57Z,2017-11-17T21:37:49Z,0.97,0,5e-4,2017-11-17T06:00:00Z,0,,47.59,1510948800,30.29,1510999200,44.58,1510948800,30.29,1510999200,25.13,0.51,1017.16,6.05,15.82,1510912800,304,0.22,2,1510930800,10,36.39,2017-11-18T04:00:00Z,47.59,2017-11-17T20:00:00Z,33.9,2017-11-17T12:00:00Z,44.58,2017-11-17T20:00:00Z,
2017-11-18T05:00:00Z,Light rain in the evening.,rain,2017-11-18T11:48:07Z,2017-11-18T21:37:05Z,0.02,0.0048,0.0303,2017-11-19T00:00:00Z,0.9,rain,49.99,1511035200,48.08,1511053200,49.6,1511038800,47.5,1511053200,33.2,0.72,1009.55,1.77,8.47,1511028000,200,0.48,2,1511017200,9.68,30.29,2017-11-18T10:00:00Z,51.26,2017-11-19T04:00:00Z,30.29,2017-11-18T10:00:00Z,51.26,2017-11-19T04:00:00Z,
2017-11-19T05:00:00Z,Light rain in the morning.,rain,2017-11-19T11:49:17Z,2017-11-19T21:36:24Z,0.04,0.0072,0.0461,2017-11-19T10:00:00Z,0.89,rain,57.13,1511092800,36.53,1511179200,57.13,1511092800,31.62,1511179200,39.45,0.68,998.35,5.95,23.7,1511110800,276,0.79,2,1511107200,9.52,40.19,2017-11-20T04:00:00Z,57.7,2017-11-19T11:00:00Z,35.93,2017-11-20T04:00:00Z,57.7,2017-11-19T11:00:00Z,
2017-11-20T05:00:00Z,Mostly cloudy until afternoon.,partly-cloudy-day,2017-11-20T11:50:26Z,2017-11-20T21:35:44Z,0.07,1e-4,4e-4,2017-11-20T15:00:00Z,0.05,rain,46.42,1511208000,39.2,1511262000,42.92,1511208000,37,1511265600,26.36,0.56,1016.46,5.95,15.3,1511204400,270,0.51,2,1511193600,10,36.53,2017-11-20T12:00:00Z,46.42,2017-11-20T20:00:00Z,31.62,2017-11-20T12:00:00Z,42.92,2017-11-20T20:00:00Z,
2017-11-21T05:00:00Z,Clear throughout the day.,clear-day,2017-11-21T11:51:35Z,2017-11-21T21:35:07Z,0.1,0,0,,0,,57.73,1511290800,47.67,1511334000,57.73,1511290800,47.67,1511334000,33.37,0.58,1018.96,4.06,14.24,1511280000,221,0.08,2,1511276400,10,39.2,2017-11-21T11:00:00Z,57.73,2017-11-21T19:00:00Z,37,2017-11-21T12:00:00Z,57.73,2017-11-21T19:00:00Z,
2017-11-22T05:00:00Z,Light rain in the morning.,rain,2017-11-22T11:52:43Z,2017-11-22T21:34:31Z,0.13,0.005,0.04,2017-11-22T14:00:00Z,0.85,rain,51.78,1511373600,30.5,1511438400,51.78,1511373600,26.87,1511427600,38.03,0.74,1014.73,3.86,16.37,1511391600,314,0.64,2,1511366400,9.41,35.9,2017-11-23T04:00:00Z,51.78,2017-11-22T18:00:00Z,30.67,2017-11-23T04:00:00Z,51.78,2017-11-22T18:00:00Z,
2017-11-23T05:00:00Z,Clear throughout the day.,clear-day,2017-11-23T11:53:51Z,2017-11-23T21:33:58Z,0.16,0,0,,0,,42.88,1511467200,31.31,1511521200,42.88,1511467200,31.31,1511521200,21.97,0.57,1018.34,2.86,10.1,1511413200,304,0.04,2,1511449200,10,30.5,2017-11-23T12:00:00Z,42.88,2017-11-23T20:00:00Z,26.87,2017-11-23T09:00:00Z,42.88,2017-11-23T20:00:00Z,
2017-11-24T05:00:00Z,Clear throughout the day.,clear-day,2017-11-24T11:54:58Z,2017-11-24T21:33:27Z,0.19,0,0,,0,,50.37,1511553600,35.88,1511611200,50.37,1511553600,35.88,1511611200,26.17,0.59,1016.46,1.74,6.18,1511546400,228,0,2,1511539200,10,31.31,2017-11-24T11:00:00Z,50.37,2017-11-24T20:00:00Z,31.31,2017-11-24T11:00:00Z,50.37,2017-11-24T20:00:00Z,
2017-11-25T05:00:00Z,Mostly cloudy starting in the afternoon.,partly-cloudy-night,2017-11-25T11:56:04Z,2017-11-25T21:32:57Z,0.22,0,0,,0,,56.29,1511640000,43.52,1511697600,56.29,1511640000,41.42,1511701200,34.2,0.63,1008.61,2.45,8.82,1511629200,230,0.23,2,1511625600,9.99,35.88,2017-11-25T12:00:00Z,56.29,2017-11-25T20:00:00Z,35.88,2017-11-25T12:00:00Z,56.29,2017-11-25T20:00:00Z,
2017-11-26T05:00:00Z,Partly cloudy until evening.,partly-cloudy-day,2017-11-26T11:57:10Z,2017-11-26T21:32:30Z,0.25,0,0,,0,,46.83,1511719200,38.05,1511751600,43.41,1511719200,34.58,1511780400,29.76,0.57,1013.09,4.86,15.61,1511708400,301,0.38,2,1511712000,10,38.05,2017-11-27T03:00:00Z,49.92,2017-11-26T06:00:00Z,34.93,2017-11-27T03:00:00Z,48.33,2017-11-26T05:00:00Z,
2017-11-27T05:00:00Z,Partly cloudy until afternoon.,partly-cloudy-day,2017-11-27T11:58:15Z,2017-11-27T21:32:05Z,0.29,0,0,,0,,51.15,1511812800,33.84,1511870400,51.15,1511812800,33.84,1511870400,26.83,0.52,1018.49,4.01,14.15,1511798400,292,0.14,2,1511798400,10,38.15,2017-11-27T07:00:00Z,51.15,2017-11-27T20:00:00Z,34.58,2017-11-27T11:00:00Z,51.15,2017-11-27T20:00:00Z,
2017-11-28T05:00:00Z,"Partly cloudy starting in the afternoon, continuing until evening.",partly-cloudy-day,2017-11-28T11:59:19Z,2017-11-28T21:31:42Z,0.32,0,0,,0,,51.16,1511899200,46.24,1511956800,51.16,1511899200,44.43,1511956800,33.87,0.69,1027.89,1.83,9.28,1511899200,144,0.1,2,1511884800,10,33.84,2017-11-28T12:00:00Z,51.16,2017-11-28T20:00:00Z,33.84,2017-11-28T12:00:00Z,51.16,2017-11-28T20:00:00Z,
2017-11-29T05:00:00Z,Partly cloudy in the morning.,partly-cloudy-day,2017-11-29T12:00:22Z,2017-11-29T21:31:22Z,0.35,0,0,,0,,63.1,1511982000,35.08,1512036000,63.1,1511982000,35.08,1512036000,36.13,0.61,1021.07,3.26,14.38,1511985600,288,0.1,2,1511971200,9.96,42.1,2017-11-30T04:00:00Z,63.1,2017-11-29T19:00:00Z,42.1,2017-11-30T04:00:00Z,63.1,2017-11-29T19:00:00Z,
2017-11-30T05:00:00Z,Mostly cloudy throughout the day.,partly-cloudy-night,2017-11-30T12:01:24Z,2017-11-30T21:31:03Z,0.39,1e-4,0.0012,2017-12-01T04:00:00Z,0.27,rain,49,1512072000,42.69,1512129600,49,1512072000,42.69,1512129600,33.46,0.7,1023.42,1.03,5.46,1512050400,72,0.38,2,1512057600,9.98,35.08,2017-11-30T10:00:00Z,49,2017-11-30T20:00:00Z,35.08,2017-11-30T10:00:00Z,49,2017-11-30T20:00:00Z,
2017-12-01T05:00:00Z,Partly cloudy in the morning.,partly-cloudy-night,2017-12-01T12:02:25Z,2017-12-01T21:30:47Z,0.43,7e-4,0.0101,2017-12-01T05:00:00Z,0.75,rain,51.09,1512151200,34.12,1512216000,51.09,1512151200,34.12,1512216000,35.78,0.68,1021.42,2.83,11.25,1512144000,332,0.29,2,1512144000,9.94,39.63,2017-12-02T04:00:00Z,51.09,2017-12-01T18:00:00Z,39.63,2017-12-02T04:00:00Z,51.09,2017-12-01T18:00:00Z,
2017-12-02T05:00:00Z,Partly cloudy starting in the afternoon.,partly-cloudy-night,2017-12-02T12:03:25Z,2017-12-02T21:30:33Z,0.46,0,0,,0,,47.57,1512241200,38.91,1512284400,47.57,1512241200,38.91,1512284400,31.14,0.68,1025.34,0.53,3.75,1512237600,57,0.21,2,1512230400,10,34.12,2017-12-02T12:00:00Z,47.57,2017-12-02T19:00:00Z,34.12,2017-12-02T12:00:00Z,47.57,2017-12-02T19:00:00Z,
2017-12-03T05:00:00Z,Mostly cloudy throughout the day.,partly-cloudy-day,2017-12-03T12:04:24Z,2017-12-03T21:30:21Z,0.51,0,0,,0,,47.51,1512327600,34.82,1512388800,47.51,1512327600,34.82,1512388800,36.94,0.79,1023.51,0.68,3.72,1512316800,63,0.76,2,1512320400,9.9,38.91,2017-12-03T07:00:00Z,47.51,2017-12-03T19:00:00Z,38.91,2017-12-03T07:00:00Z,47.51,2017-12-03T19:00:00Z,
2017-12-04T05:00:00Z,Partly cloudy throughout the day.,partly-cloudy-day,2017-12-04T12:05:22Z,2017-12-04T21:30:11Z,0.54,0,4e-4,2017-12-04T15:00:00Z,0,,49.58,1512414000,47.11,1512435600,49.58,1512414000,47.11,1512435600,37.39,0.82,1029.41,1,6.05,1512446400,123,0.4,2,1512403200,7.82,34.82,2017-12-04T12:00:00Z,49.58,2017-12-04T19:00:00Z,34.82,2017-12-04T12:00:00Z,49.58,2017-12-04T19:00:00Z,
2017-12-05T05:00:00Z,Rain starting in the evening.,rain,2017-12-05T12:06:18Z,2017-12-05T21:30:04Z,0.58,0.0112,0.0945,2017-12-06T03:00:00Z,0.91,rain,59.7,1512500400,44.08,1512565200,59.7,1512500400,39.53,1512565200,49.92,0.84,1020.32,5.05,13.22,1512486000,176,0.91,2,1512493200,8.85,48.55,2017-12-05T05:00:00Z,59.7,2017-12-05T19:00:00Z,47.61,2017-12-05T05:00:00Z,59.7,2017-12-05T19:00:00Z,
2017-12-06T05:00:00Z,Mostly cloudy in the morning.,partly-cloudy-night,2017-12-06T12:07:13Z,2017-12-06T21:29:58Z,0.61,0.0018,0.0365,2017-12-06T05:00:00Z,0.79,rain,46.23,1512561600,35.74,1512648000,42.52,1512561600,32.05,1512648000,29.18,0.56,1014.26,5.39,13.58,1512550800,267,0.48,2,1512576000,9.84,38.82,2017-12-07T04:00:00Z,56.87,2017-12-06T07:00:00Z,35.77,2017-12-06T15:00:00Z,56.87,2017-12-06T07:00:00Z,
2017-12-07T05:00:00Z,Mostly cloudy starting in the evening.,partly-cloudy-night,2017-12-07T12:08:07Z,2017-12-07T21:29:55Z,0.65,0,0,,0,,44.21,1512673200,33.48,1512734400,39.73,1512680400,31.64,1512727200,22.53,0.5,1016.04,5.13,16.22,1512673200,263,0.27,2,1512662400,10,35.74,2017-12-07T12:00:00Z,44.21,2017-12-07T19:00:00Z,32.05,2017-12-07T12:00:00Z,39.73,2017-12-07T21:00:00Z,
2017-12-08T05:00:00Z,Partly cloudy throughout the day.,partly-cloudy-night,2017-12-08T12:08:59Z,2017-12-08T21:29:55Z,0.69,0,0,,0,,37.66,1512759600,34.74,1512813600,37.54,1512756000,33.31,1512781200,20.28,0.53,1017.63,2.8,6.39,1512709200,272,0.46,2,1512748800,9.99,33.48,2017-12-08T12:00:00Z,38.34,2017-12-08T05:00:00Z,31.26,2017-12-08T14:00:00Z,37.54,2017-12-08T18:00:00Z,
2017-12-09T05:00:00Z,Foggy until evening.,fog,2017-12-09T12:09:50Z,2017-12-09T21:29:56Z,0.72,0.0012,0.0044,2017-12-09T21:00:00Z,0.2,snow,34.85,1512824400,28.48,1512910800,34.85,1512824400,23.82,1512910800,24.67,0.74,1011.15,2.11,6.23,1512828000,352,0.96,1,1512831600,5.28,30.81,2017-12-10T04:00:00Z,35.15,2017-12-09T05:00:00Z,27.62,2017-12-09T22:00:00Z,35.15,2017-12-09T05:00:00Z,0.242
2017-12-10T05:00:00Z,Light rain in the afternoon.,rain,2017-12-10T12:10:39Z,2017-12-10T21:30:00Z,0.76,0.0052,0.026,2017-12-10T19:00:00Z,0.66,rain,38.45,1512932400,32.53,1512997200,33.63,1512932400,28.38,1512986400,24.96,0.71,1012.5,4.73,12.81,1512939600,264,0.47,2,1512921600,9.9,28.48,2017-12-10T13:00:00Z,38.45,2017-12-10T19:00:00Z,23.82,2017-12-10T13:00:00Z,33.63,2017-12-10T19:00:00Z,
2017-12-11T05:00:00Z,Mostly cloudy starting in the evening.,partly-cloudy-night,2017-12-11T12:11:27Z,2017-12-11T21:30:06Z,0.79,9e-4,0.0046,2017-12-11T18:00:00Z,0.32,rain,40.94,1513018800,35.8,1513040400,38.88,1513018800,35.8,1513040400,24.56,0.63,1016.28,3.06,9.7,1513008000,257,0.61,2,1513008000,9.98,32.53,2017-12-11T13:00:00Z,40.94,2017-12-11T19:00:00Z,28.38,2017-12-11T10:00:00Z,38.88,2017-12-11T19:00:00Z,
2017-12-12T05:00:00Z,Mostly cloudy throughout the day.,partly-cloudy-day,2017-12-12T12:12:14Z,2017-12-12T21:30:15Z,0.83,8e-4,0.0027,2017-12-12T14:00:00Z,0.17,rain,48.76,1513094400,20.44,1513166400,46.7,1513094400,9.79,1513162800,32.69,0.7,1002.29,3,17.28,1513126800,253,0.91,1,1513090800,9.98,31.6,2017-12-13T04:00:00Z,48.76,2017-12-12T16:00:00Z,23.87,2017-12-13T04:00:00Z,46.7,2017-12-12T16:00:00Z,
2017-12-13T05:00:00Z,Mostly cloudy starting in the evening.,partly-cloudy-night,2017-12-13T12:12:58Z,2017-12-13T21:30:25Z,0.86,0,0,,0,,30.9,1513195200,23.65,1513234800,22.55,1513195200,18.73,1513227600,8.12,0.47,1001.8,8.51,22.34,1513188000,285,0.41,1,1513177200,10,20.44,2017-12-13T12:00:00Z,30.9,2017-12-13T20:00:00Z,9.79,2017-12-13T11:00:00Z,22.55,2017-12-13T20:00:00Z,
2017-12-14T05:00:00Z,Foggy in the morning.,fog,2017-12-14T12:13:41Z,2017-12-14T21:30:38Z,0.89,0.0011,0.0068,2017-12-14T17:00:00Z,0.44,snow,31.76,1513278000,18.9,1513335600,26.02,1513256400,16.26,1513317600,16.73,0.68,1008.64,3.52,14.41,1513285200,319,0.59,2,1513270800,7.89,22.72,2017-12-15T04:00:00Z,31.76,2017-12-14T19:00:00Z,16.95,2017-12-15T04:00:00Z,26.02,2017-12-14T13:00:00Z,0.252
2017-12-15T05:00:00Z,"Foggy starting in the afternoon, continuing until evening.",fog,2017-12-15T12:14:22Z,2017-12-15T21:30:53Z,0.92,3e-4,0.0033,2017-12-15T23:00:00Z,0.16,snow,27.21,1513364400,21.67,1513404000,27.21,1513364400,15.92,1513404000,13.99,0.69,1017,1.68,5.79,1513314000,289,0.54,2,1513357200,8.12,18.9,2017-12-15T11:00:00Z,27.21,2017-12-15T19:00:00Z,16.26,2017-12-15T06:00:00Z,27.21,2017-12-15T19:00:00Z,0.094
2017-12-16T05:00:00Z,Mostly cloudy throughout the day.,partly-cloudy-night,2017-12-16T12:15:01Z,2017-12-16T21:31:10Z,0.95,0.0016,0.0091,2017-12-16T19:00:00Z,0.51,rain,37.61,1513465200,32.04,1513512000,37.58,1513468800,32.04,1513512000,21.9,0.7,1017.19,4.57,12.79,1513443600,264,0.59,1,1513436400,9.69,21.67,2017-12-16T06:00:00Z,37.61,2017-12-16T23:00:00Z,15.92,2017-12-16T06:00:00Z,37.58,2017-12-17T00:00:00Z,
2017-12-17T05:00:00Z,Mostly cloudy throughout the day.,partly-cloudy-day,2017-12-17T12:15:39Z,2017-12-17T21:31:29Z,0.98,4e-4,0.0032,2017-12-17T19:00:00Z,0.27,rain,36.92,1513540800,33.99,1513587600,36.92,1513540800,33.99,1513587600,24.55,0.67,1024.72,0.9,4.24,1513486800,35,0.78,1,1513522800,10,32.04,2017-12-17T12:00:00Z,36.92,2017-12-17T20:00:00Z,32.04,2017-12-17T12:00:00Z,36.92,2017-12-17T20:00:00Z,
2017-12-18T05:00:00Z,Mostly cloudy throughout the day.,partly-cloudy-day,2017-12-18T12:16:15Z,2017-12-18T21:31:51Z,0.02,6e-4,0.0026,2017-12-18T08:00:00Z,0.35,rain,44.95,1513627200,43.28,1513656000,44.95,1513627200,42.02,1513659600,32.48,0.76,1018.13,0.31,5.46,1513645200,338,0.93,1,1513609200,9.39,33.99,2017-12-18T09:00:00Z,44.95,2017-12-18T20:00:00Z,33.99,2017-12-18T09:00:00Z,44.95,2017-12-18T20:00:00Z,
2017-12-19T05:00:00Z,Mostly cloudy until afternoon.,partly-cloudy-day,2017-12-19T12:16:48Z,2017-12-19T21:32:15Z,0.04,0,0,,0,,54.47,1513717200,42.5,1513774800,54.47,1513717200,38.43,1513774800,37.79,0.66,1010.81,5.15,15.23,1513710000,248,0.62,1,1513695600,9.87,43.77,2017-12-19T11:00:00Z,54.47,2017-12-19T21:00:00Z,42.02,2017-12-19T05:00:00Z,54.47,2017-12-19T21:00:00Z,
2017-12-20T05:00:00Z,Partly cloudy until afternoon.,partly-cloudy-day,2017-12-20T12:17:20Z,2017-12-20T21:32:40Z,0.07,0,0,,0,,43.74,1513771200,30.69,1513846800,39.95,1513771200,30.69,1513846800,24.32,0.48,1012.46,5.08,13.3,1513789200,302,0.29,2,1513789200,10,34.06,2017-12-21T04:00:00Z,49.12,2017-12-20T07:00:00Z,31.46,2017-12-21T04:00:00Z,46.88,2017-12-20T08:00:00Z,
2017-12-21T05:00:00Z,Partly cloudy starting in the evening.,partly-cloudy-night,2017-12-21T12:17:50Z,2017-12-21T21:33:08Z,0.1,0,0,,0,,39.73,1513886400,33.92,1513929600,39.73,1513886400,33.92,1513929600,19.47,0.53,1022.24,1.88,6.81,1513868400,332,0.18,2,1513872000,10,30.69,2017-12-21T09:00:00Z,39.73,2017-12-21T20:00:00Z,30.69,2017-12-21T09:00:00Z,39.73,2017-12-21T20:00:00Z,
2017-12-22T05:00:00Z,Overcast throughout the day.,cloudy,2017-12-22T12:18:18Z,2017-12-22T21:33:38Z,0.14,0,0,,0,,45.99,1513976400,39.02,1514026800,45.99,1513976400,37.65,1514034000,29.26,0.67,1023.38,1.26,4.31,1513947600,80,0.83,1,1513954800,9.85,33.92,2017-12-22T08:00:00Z,45.99,2017-12-22T21:00:00Z,33.92,2017-12-22T08:00:00Z,45.99,2017-12-22T21:00:00Z,
2017-12-23T05:00:00Z,"Rain until afternoon, starting again in the evening.",rain,2017-12-23T12:18:44Z,2017-12-23T21:34:10Z,0.17,0.018,0.0803,2017-12-23T18:00:00Z,0.93,rain,47.42,1514066400,36.43,1514120400,47.42,1514066400,33.77,1514102400,40.25,0.92,1012.45,1.1,9.66,1514088000,16,0.98,1,1514041200,5.3,39.02,2017-12-23T11:00:00Z,47.42,2017-12-23T22:00:00Z,37.65,2017-12-23T13:00:00Z,47.42,2017-12-23T22:00:00Z,
2017-12-24T05:00:00Z,Light rain overnight.,rain,2017-12-24T12:19:07Z,2017-12-24T21:34:44Z,0.2,2e-4,0.0033,2017-12-25T04:00:00Z,0.42,rain,39.59,1514142000,34.59,1514203200,37.08,1514138400,28.93,1514206800,29.37,0.71,1019.69,3.16,10.81,1514091600,28,0.45,2,1514134800,9.82,35.88,2017-12-25T04:00:00Z,40.52,2017-12-24T05:00:00Z,30.99,2017-12-25T04:00:00Z,37.08,2017-12-24T18:00:00Z,
2017-12-25T05:00:00Z,Mixed precipitation in the morning.,rain,2017-12-25T12:19:29Z,2017-12-25T21:35:20Z,0.23,0.0066,0.0233,2017-12-25T11:00:00Z,0.82,rain,36.38,1514214000,23.95,1514293200,30.23,1514203200,15.35,1514293200,22.56,0.66,1012.66,6.46,23.95,1514214000,279,0.63,1,1514214000,8.63,27.81,2017-12-26T04:00:00Z,36.47,2017-12-25T08:00:00Z,19.79,2017-12-26T04:00:00Z,36.47,2017-12-25T08:00:00Z,
2017-12-26T05:00:00Z,Partly cloudy in the morning.,partly-cloudy-day,2017-12-26T12:19:48Z,2017-12-26T21:35:58Z,0.27,0,0,,0,,27.86,1514318400,18.88,1514379600,24.89,1514332800,12.47,1514379600,5.23,0.42,1028.71,6.22,16.38,1514268000,279,0.13,2,1514307600,10,22.59,2017-12-27T04:00:00Z,27.86,2017-12-26T20:00:00Z,15.35,2017-12-26T13:00:00Z,24.89,2017-12-27T00:00:00Z,
2017-12-27T05:00:00Z,Mostly cloudy in the morning.,partly-cloudy-night,2017-12-27T12:20:06Z,2017-12-27T21:36:38Z,0.3,0,0,,0,,24.16,1514404800,12.85,1514466000,17.75,1514404800,2.03,1514466000,3.62,0.47,1032.53,4.66,11.2,1514401200,314,0.36,2,1514390400,10,17.41,2017-12-28T04:00:00Z,24.16,2017-12-27T20:00:00Z,9.59,2017-12-28T04:00:00Z,17.75,2017-12-27T20:00:00Z,
2017-12-28T05:00:00Z,Clear throughout the day.,clear-day,2017-12-28T12:20:21Z,2017-12-28T21:37:19Z,0.34,0,0,,0,,18.13,1514491200,11.29,1514527200,8.4,1514491200,2.56,1514516400,-1.58,0.47,1033.36,6.84,14.94,1514487600,313,0.05,2,1514476800,10,11.75,2017-12-29T04:00:00Z,18.13,2017-12-28T20:00:00Z,2.03,2017-12-28T13:00:00Z,8.4,2017-12-28T20:00:00Z,
2017-12-29T05:00:00Z,Mostly cloudy until afternoon.,partly-cloudy-day,2017-12-29T12:20:34Z,2017-12-29T21:38:03Z,0.37,0,0,,0,,21.63,1514577600,16.17,1514620800,13.94,1514577600,10.91,1514606400,2.69,0.55,1026.5,4.43,11.77,1514581200,304,0.35,2,1514563200,10,11.29,2017-12-29T06:00:00Z,21.63,2017-12-29T20:00:00Z,3.36,2017-12-29T07:00:00Z,13.94,2017-12-29T20:00:00Z,
2017-12-30T05:00:00Z,Foggy until afternoon.,fog,2017-12-30T12:20:45Z,2017-12-30T21:38:48Z,0.41,1e-4,9e-4,2017-12-30T18:00:00Z,0.13,snow,22.68,1514667600,13.5,1514725200,22.57,1514664000,2.26,1514725200,11.85,0.73,1018.59,2.46,7.88,1514692800,266,0.66,1,1514646000,7.69,16.17,2017-12-30T08:00:00Z,22.68,2017-12-30T21:00:00Z,12.9,2017-12-31T04:00:00Z,22.57,2017-12-30T20:00:00Z,0.031
2017-12-31T05:00:00Z,Partly cloudy until afternoon.,partly-cloudy-day,2017-12-31T12:20:54Z,2017-12-31T21:39:35Z,0.45,0,0,,0,,15.23,1514739600,6.5,1514808000,4.96,1514739600,-3.96,1514808000,1.81,0.57,1024.03,6.53,15.32,1514728800,314,0.21,2,1514736000,9.97,9.39,2018-01-01T04:00:00Z,19.36,2017-12-31T05:00:00Z,-1.27,2018-01-01T04:00:00Z,13.38,2017-12-31T05:00:00Z,
2018-01-01T05:00:00Z,Clear throughout the day.,clear-day,2018-01-01T12:21:01Z,2018-01-01T21:40:24Z,0.48,0,0,,0,,18.36,1514836800,12.51,1514894400,11.42,1514844000,2.92,1514894400,-1.55,0.54,1028.31,5.58,14.4,1514826000,309,0.02,2,1514822400,10,6.5,2018-01-01T12:00:00Z,18.36,2018-01-01T20:00:00Z,-3.96,2018-01-01T12:00:00Z,11.42,2018-01-01T22:00:00Z,
2018-01-02T05:00:00Z,Clear throughout the day.,clear-day,2018-01-02T12:21:05Z,2018-01-02T21:41:14Z,0.52,0,0,,0,,25.71,1514923200,13.29,1514980800,19.31,1514923200,9.22,1514966400,5.47,0.57,1028.61,6.09,12.33,1514880000,267,0.07,2,1514908800,10,12.51,2018-01-02T12:00:00Z,25.71,2018-01-02T20:00:00Z,2.92,2018-01-02T12:00:00Z,19.31,2018-01-02T20:00:00Z,
2018-01-03T05:00:00Z,Mostly cloudy starting in the evening.,partly-cloudy-night,2018-01-03T12:21:07Z,2018-01-03T21:42:06Z,0.56,0,0,,0,,28.28,1515009600,23.47,1515070800,28.28,1515009600,13.43,1515070800,6.16,0.52,1024.8,1.07,7.16,1514955600,255,0.16,2,1514995200,10,13.29,2018-01-03T12:00:00Z,28.28,2018-01-03T20:00:00Z,9.22,2018-01-03T08:00:00Z,28.28,2018-01-03T20:00:00Z,
2018-01-04T05:00:00Z,Light snow (< 1 in.) until afternoon.,snow,2018-01-04T12:21:07Z,2018-01-04T21:42:59Z,0.6,0.0023,0.0107,2018-01-04T18:00:00Z,0.17,snow,24.13,1515106800,9.23,1515157200,14.63,1515067200,-3.76,1515153600,16.77,0.75,999.82,8.75,25.48,1515103200,333,0.98,1,1515078000,4.99,19.81,2018-01-05T04:00:00Z,27.08,2018-01-04T08:00:00Z,7.84,2018-01-05T04:00:00Z,22.33,2018-01-04T05:00:00Z,0.756
2018-01-05T05:00:00Z,Clear throughout the day.,clear-day,2018-01-05T12:21:05Z,2018-01-05T21:43:54Z,0.63,0,3e-4,2018-01-05T18:00:00Z,0,,15.74,1515182400,7.65,1515240000,4.03,1515189600,-4.12,1515232800,-1.36,0.52,1009.78,9.64,23.06,1515182400,290,0.14,2,1515168000,9.77,9.23,2018-01-05T13:00:00Z,18.6,2018-01-05T05:00:00Z,-3.76,2018-01-05T12:00:00Z,7.07,2018-01-05T05:00:00Z,
2018-01-06T05:00:00Z,Clear throughout the day.,clear-day,2018-01-06T12:21:00Z,2018-01-06T21:44:51Z,0.67,0,0,,0,,13.19,1515268800,4.13,1515326400,0.73,1515265200,-5.68,1515304800,-6.84,0.46,1024,7.89,18.17,1515254400,294,0.04,2,1515254400,10,6.9,2018-01-07T04:00:00Z,13.19,2018-01-06T20:00:00Z,-4.98,2018-01-07T04:00:00Z,0.73,2018-01-06T19:00:00Z,
2018-01-07T05:00:00Z,Mostly cloudy starting in the afternoon.,partly-cloudy-night,2018-01-07T12:20:54Z,2018-01-07T21:45:48Z,0.71,0,0,,0,,18.02,1515355200,16.58,1515384000,17.14,1515351600,8.49,1515384000,-2.69,0.53,1033.44,3.26,12.86,1515304800,274,0.21,2,1515340800,10,4.13,2018-01-07T12:00:00Z,18.02,2018-01-07T20:00:00Z,-5.68,2018-01-07T06:00:00Z,17.14,2018-01-07T19:00:00Z,
2018-01-08T05:00:00Z,Mostly cloudy throughout the day.,partly-cloudy-day,2018-01-08T12:20:45Z,2018-01-08T21:46:47Z,0.74,2e-4,0.0018,2018-01-08T23:00:00Z,0.13,snow,30.03,1515441600,28.4,1515488400,25.13,1515445200,23.66,1515488400,13.32,0.64,1022.8,4.32,9.84,1515391200,233,0.81,2,1515427200,9.84,16.73,2018-01-08T05:00:00Z,30.33,2018-01-09T04:00:00Z,8.65,2018-01-08T05:00:00Z,26.4,2018-01-09T04:00:00Z,0.049
2018-01-09T05:00:00Z,Partly cloudy in the morning.,partly-cloudy-night,2018-01-09T12:20:34Z,2018-01-09T21:47:48Z,0.77,0.0013,0.009,2018-01-09T18:00:00Z,0.36,rain,43.09,1515524400,24.74,1515585600,39.58,1515528000,24.74,1515585600,23.84,0.65,1021.76,3.61,13.29,1515520800,285,0.2,2,1515513600,9.79,28.4,2018-01-09T09:00:00Z,43.09,2018-01-09T19:00:00Z,23.66,2018-01-09T09:00:00Z,39.58,2018-01-09T20:00:00Z,
2018-01-10T05:00:00Z,Mostly cloudy starting in the afternoon.,partly-cloudy-night,2018-01-10T12:20:20Z,2018-01-10T21:48:49Z,0.8,2e-4,7e-4,2018-01-10T21:00:00Z,0.09,rain,39.22,1515614400,36.4,1515657600,39.22,1515614400,36.4,1515657600,24.04,0.7,1031.29,0.87,6.08,1515607200,169,0.29,2,1515600000,10,24.74,2018-01-10T12:00:00Z,39.22,2018-01-10T20:00:00Z,24.74,2018-01-10T12:00:00Z,39.22,2018-01-10T20:00:00Z,
2018-01-11T05:00:00Z,Mostly cloudy throughout the day.,partly-cloudy-day,2018-01-11T12:20:05Z,2018-01-11T21:49:52Z,0.84,1e-4,7e-4,2018-01-11T17:00:00Z,0.07,rain,49.24,1515700800,42.93,1515722400,49.24,1515700800,42.93,1515722400,37.23,0.84,1027.59,0.43,3,1515722400,148,0.78,2,1515690000,8.74,36.4,2018-01-11T08:00:00Z,49.24,2018-01-11T20:00:00Z,36.4,2018-01-11T08:00:00Z,49.24,2018-01-11T20:00:00Z,
2018-01-12T05:00:00Z,Rain starting in the afternoon.,rain,2018-01-12T12:19:47Z,2018-01-12T21:50:56Z,0.87,0.0236,0.1407,2018-01-12T21:00:00Z,0.92,rain,59.58,1515780000,35.19,1515848400,59.73,1515780000,28.21,1515848400,52.6,0.96,1012.04,3.48,15.62,1515769200,179,0.98,2,1515776400,4.03,44.1,2018-01-12T06:00:00Z,59.58,2018-01-12T18:00:00Z,44.1,2018-01-12T06:00:00Z,59.73,2018-01-12T18:00:00Z,
2018-01-13T05:00:00Z,Mostly cloudy until afternoon.,partly-cloudy-day,2018-01-13T12:19:27Z,2018-01-13T21:52:01Z,0.9,0.0047,0.0365,2018-01-13T09:00:00Z,0.89,rain,42.3,1515844800,14.53,1515934800,38.09,1515844800,5.86,1515934800,28.15,0.73,1010.81,4.95,17.55,1515848400,309,0.52,2,1515859200,8.75,19.57,2018-01-14T04:00:00Z,56.28,2018-01-13T05:00:00Z,9.72,2018-01-14T04:00:00Z,56.28,2018-01-13T05:00:00Z,
2018-01-14T05:00:00Z,Clear throughout the day.,clear-day,2018-01-14T12:19:06Z,2018-01-14T21:53:06Z,0.93,0,0,,0,,24.9,1515960000,15.88,1516003200,18.61,1515960000,7.97,1516003200,2.36,0.49,1035.89,5.12,12.94,1515906000,355,0.08,2,1515945600,10,14.53,2018-01-14T13:00:00Z,24.9,2018-01-14T20:00:00Z,5.86,2018-01-14T13:00:00Z,18.61,2018-01-14T20:00:00Z,
2018-01-15T05:00:00Z,Partly cloudy throughout the day.,partly-cloudy-day,2018-01-15T12:18:41Z,2018-01-15T21:54:13Z,0.96,0,0,,0,,29.72,1516046400,23.36,1516078800,25.98,1516060800,23.36,1516078800,12.99,0.66,1036.5,4.41,10.16,1516035600,44,0.38,2,1516032000,10,15.88,2018-01-15T08:00:00Z,29.72,2018-01-15T20:00:00Z,7.97,2018-01-15T08:00:00Z,25.98,2018-01-16T00:00:00Z,
2018-01-16T05:00:00Z,Overcast throughout the day.,cloudy,2018-01-16T12:18:15Z,2018-01-16T21:55:21Z,0.99,0,0,,0,,35.63,1516132800,33.16,1516154400,35.63,1516132800,33.16,1516154400,24.63,0.8,1031.51,1.2,3.8,1516136400,65,0.94,2,1516122000,9.98,23.36,2018-01-16T05:00:00Z,35.63,2018-01-16T20:00:00Z,23.36,2018-01-16T05:00:00Z,35.63,2018-01-16T20:00:00Z,
2018-01-17T05:00:00Z,Mostly cloudy throughout the day.,partly-cloudy-day,2018-01-17T12:17:47Z,2018-01-17T21:56:29Z,0.02,0.0045,0.011,2018-01-17T12:00:00Z,0.71,snow,34.14,1516190400,17.81,1516269600,34.14,1516190400,11.38,1516262400,27.11,0.85,1023.92,3.36,10.4,1516240800,321,0.89,2,1516208400,7.15,22.17,2018-01-18T04:00:00Z,34.67,2018-01-17T09:00:00Z,15.15,2018-01-18T04:00:00Z,34.67,2018-01-17T09:00:00Z,0.603
2018-01-18T05:00:00Z,Clear throughout the day.,clear-day,2018-01-18T12:17:17Z,2018-01-18T21:57:38Z,0.05,0,0,,0,,32,1516309200,22.07,1516352400,26.06,1516309200,22.07,1516352400,12.19,0.6,1017.65,4.45,11.86,1516302000,310,0.05,2,1516291200,10,17.81,2018-01-18T10:00:00Z,32,2018-01-18T21:00:00Z,11.38,2018-01-18T08:00:00Z,27.47,2018-01-19T01:00:00Z,
2018-01-19T05:00:00Z,Partly cloudy until evening.,partly-cloudy-day,2018-01-19T12:16:44Z,2018-01-19T21:58:48Z,0.08,2e-4,0.0014,2018-01-19T20:00:00Z,0.15,snow,37.54,1516395600,33.3,1516417200,37.54,1516395600,31.58,1516431600,17.28,0.59,1017.11,2.49,8.75,1516388400,259,0.14,2,1516377600,9.98,22.07,2018-01-19T09:00:00Z,37.54,2018-01-19T21:00:00Z,22.07,2018-01-19T09:00:00Z,37.54,2018-01-19T21:00:00Z,0
2018-01-20T05:00:00Z,"Partly cloudy starting in the afternoon, continuing until evening.",partly-cloudy-night,2018-01-20T12:16:10Z,2018-01-20T21:59:59Z,0.11,5e-4,0.0044,2018-01-20T16:00:00Z,0.24,rain,51.43,1516474800,35.32,1516536000,51.43,1516474800,35.32,1516536000,26.19,0.53,1013.32,4.07,14.42,1516471200,256,0.12,2,1516464000,10,33.78,2018-01-20T05:00:00Z,51.43,2018-01-20T19:00:00Z,31.58,2018-01-20T07:00:00Z,51.43,2018-01-20T19:00:00Z,
2018-01-21T05:00:00Z,Mostly cloudy starting in the afternoon.,partly-cloudy-night,2018-01-21T12:15:34Z,2018-01-21T22:01:10Z,0.14,0,0,,0,,50.4,1516564800,40.4,1516622400,50.4,1516564800,40.4,1516622400,31.34,0.64,1020.73,0.93,6.25,1516550400,265,0.38,2,1516550400,9.98,35.32,2018-01-21T12:00:00Z,50.4,2018-01-21T20:00:00Z,35.32,2018-01-21T12:00:00Z,50.4,2018-01-21T20:00:00Z,
2018-01-22T05:00:00Z,Foggy overnight.,fog,2018-01-22T12:14:55Z,2018-01-22T22:02:22Z,0.18,2e-4,0.0013,2018-01-22T07:00:00Z,0.23,rain,47.88,1516647600,38.89,1516687200,47.88,1516647600,37.39,1516672800,38.24,0.84,1020.98,1.57,7.29,1516672800,67,0.97,2,1516636800,6.49,39.2,2018-01-23T04:00:00Z,47.88,2018-01-22T19:00:00Z,37.39,2018-01-23T02:00:00Z,47.88,2018-01-22T19:00:00Z,
2018-01-23T05:00:00Z,Rain until afternoon.,rain,2018-01-23T12:14:15Z,2018-01-23T22:03:34Z,0.21,0.0142,0.0693,2018-01-23T12:00:00Z,0.93,rain,57.99,1516737600,40.99,1516798800,57.99,1516737600,36.54,1516798800,42.55,0.83,1007.02,1.81,16.62,1516755600,239,0.8,2,1516723200,6.03,38.89,2018-01-23T06:00:00Z,57.99,2018-01-23T20:00:00Z,38.89,2018-01-23T06:00:00Z,57.99,2018-01-23T20:00:00Z,
2018-01-24T05:00:00Z,Mostly cloudy until evening.,partly-cloudy-day,2018-01-24T12:13:33Z,2018-01-24T22:04:47Z,0.25,0,0,,0,,41.53,1516795200,22.9,1516870800,37.41,1516795200,15.53,1516878000,24.19,0.58,1014.1,5.98,15.11,1516820400,300,0.45,2,1516809600,10,27.81,2018-01-25T04:00:00Z,43,2018-01-24T05:00:00Z,21.39,2018-01-25T04:00:00Z,40.32,2018-01-24T05:00:00Z,
2018-01-25T05:00:00Z,Partly cloudy starting in the evening.,partly-cloudy-night,2018-01-25T12:12:48Z,2018-01-25T22:06:00Z,0.28,0,0,,0,,34.26,1516910400,23.06,1516968000,28.81,1516910400,23.06,1516968000,7.9,0.44,1028.66,5.36,15,1516892400,323,0.11,2,1516896000,10,22.9,2018-01-25T09:00:00Z,34.26,2018-01-25T20:00:00Z,15.53,2018-01-25T11:00:00Z,29.45,2018-01-26T01:00:00Z,
2018-01-26T05:00:00Z,Clear throughout the day.,clear-day,2018-01-26T12:12:02Z,2018-01-26T22:07:14Z,0.32,0,0,,0,,37.56,1516996800,30.52,1517047200,37.56,1516996800,30.52,1517047200,12.62,0.48,1038.24,0.7,5.96,1517000400,196,0.14,3,1516986000,10,23.06,2018-01-26T12:00:00Z,37.56,2018-01-26T20:00:00Z,23.06,2018-01-26T12:00:00Z,37.56,2018-01-26T20:00:00Z,
2018-01-27T05:00:00Z,Partly cloudy starting in the afternoon.,partly-cloudy-night,2018-01-27T12:11:14Z,2018-01-27T22:08:27Z,0.36,0,0,,0,,53.55,1517086800,47.48,1517144400,53.55,1517086800,47.48,1517144400,32.38,0.69,1030.25,3.48,12.42,1517072400,211,0.16,2,1517068800,9.98,30.52,2018-01-27T10:00:00Z,53.55,2018-01-27T21:00:00Z,30.52,2018-01-27T10:00:00Z,53.55,2018-01-27T21:00:00Z,
2018-01-28T05:00:00Z,Light rain in the morning.,rain,2018-01-28T12:10:25Z,2018-01-28T22:09:41Z,0.4,0.0073,0.026,2018-01-28T11:00:00Z,0.88,rain,49.07,1517169600,38.98,1517230800,49.07,1517169600,35.72,1517230800,43.06,0.84,1024.1,0.89,7.69,1517115600,252,0.89,2,1517155200,8.94,42.94,2018-01-29T04:00:00Z,51.75,2018-01-28T05:00:00Z,42.94,2018-01-29T04:00:00Z,51.75,2018-01-28T05:00:00Z,
2018-01-29T05:00:00Z,Mostly cloudy throughout the day.,partly-cloudy-night,2018-01-29T12:09:33Z,2018-01-29T22:10:56Z,0.43,0,0,,0,,42.76,1517245200,30.14,1517306400,39.06,1517259600,27.38,1517292000,30.11,0.66,1021.18,4.85,11.8,1517248800,43,0.61,2,1517241600,9.99,36.85,2018-01-30T04:00:00Z,42.76,2018-01-29T17:00:00Z,31.77,2018-01-30T04:00:00Z,42.47,2018-01-29T05:00:00Z,
2018-01-30T05:00:00Z,Mostly cloudy throughout the day.,partly-cloudy-day,2018-01-30T12:08:40Z,2018-01-30T22:12:10Z,0.47,0.0016,0.0086,2018-01-30T19:00:00Z,0.48,snow,35.33,1517338800,17.52,1517400000,34.52,1517331600,9.52,1517396400,24.13,0.76,1016.28,4.07,17.44,1517360400,335,0.91,2,1517328000,7.42,24.59,2018-01-31T04:00:00Z,35.33,2018-01-30T19:00:00Z,15.88,2018-01-31T04:00:00Z,34.52,2018-01-30T17:00:00Z,0.176
2018-01-31T05:00:00Z,Partly cloudy starting in the afternoon.,partly-cloudy-night,2018-01-31T12:07:45Z,2018-01-31T22:13:25Z,0.51,0,0,,0,,31.79,1517428800,30.58,1517454000,27.83,1517428800,24.2,1517450400,10.19,0.52,1022.54,3.3,13.89,1517374800,272,0.19,3,1517418000,10,17.52,2018-01-31T12:00:00Z,31.79,2018-01-31T20:00:00Z,9.52,2018-01-31T11:00:00Z,27.83,2018-01-31T20:00:00Z,
2018-02-01T05:00:00Z,Light rain overnight.,rain,2018-02-01T12:06:48Z,2018-02-01T22:14:39Z,0.55,3e-4,0.0022,2018-02-02T04:00:00Z,0.48,rain,43.01,1517515200,27.66,1517576400,43.01,1517515200,19.49,1517576400,26.45,0.65,1014.73,2.15,6.82,1517461200,209,0.71,3,1517504400,9.91,30.85,2018-02-01T06:00:00Z,43.01,2018-02-01T20:00:00Z,27.4,2018-02-01T05:00:00Z,43.01,2018-02-01T20:00:00Z,
2018-02-02T05:00:00Z,Mostly cloudy until evening.,partly-cloudy-day,2018-02-02T12:05:49Z,2018-02-02T22:15:54Z,0.58,0.0072,0.0463,2018-02-02T08:00:00Z,0.95,snow,29.44,1517572800,15.76,1517644800,21.85,1517572800,7.1,1517630400,14.7,0.6,1017.47,7.35,20.36,1517605200,313,0.66,2,1517583600,9.4,16.79,2018-02-03T04:00:00Z,38.45,2018-02-02T05:00:00Z,7.1,2018-02-03T04:00:00Z,38.45,2018-02-02T05:00:00Z,0.037
2018-02-03T05:00:00Z,Mostly cloudy starting in the evening.,partly-cloudy-night,2018-02-03T12:04:49Z,2018-02-03T22:17:09Z,0.62,0,0,,0,,30.46,1517691600,28.12,1517709600,25.62,1517691600,21.84,1517709600,7.06,0.5,1029.51,4.4,13.08,1517634000,250,0.21,2,1517670000,10,15.76,2018-02-03T08:00:00Z,30.46,2018-02-03T21:00:00Z,7.32,2018-02-03T05:00:00Z,25.62,2018-02-03T21:00:00Z,
2018-02-04T05:00:00Z,Rain starting in the evening.,rain,2018-02-04T12:03:48Z,2018-02-04T22:18:24Z,0.65,0.0275,0.141,2018-02-05T03:00:00Z,0.95,rain,40.71,1517788800,35.72,1517824800,40.71,1517788800,31.81,1517835600,27.09,0.71,1018.9,1.77,8.66,1517720400,198,0.98,2,1517760000,7.91,28.89,2018-02-04T05:00:00Z,41.62,2018-02-05T02:00:00Z,23.44,2018-02-04T05:00:00Z,41.62,2018-02-05T02:00:00Z,
2018-02-05T05:00:00Z,Mostly cloudy in the morning.,partly-cloudy-night,2018-02-05T12:02:44Z,2018-02-05T22:19:38Z,0.69,0.0017,0.0239,2018-02-05T05:00:00Z,0.85,snow,36.55,1517835600,23.9,1517893200,33.21,1517832000,23.9,1517893200,21.2,0.66,1015.3,5.2,21.2,1517842800,305,0.3,3,1517846400,9.81,24.33,2018-02-06T04:00:00Z,39.6,2018-02-05T05:00:00Z,21.6,2018-02-05T16:00:00Z,38.36,2018-02-05T06:00:00Z,0.021
2018-02-06T05:00:00Z,Mostly cloudy until evening.,partly-cloudy-day,2018-02-06T12:01:39Z,2018-02-06T22:20:53Z,0.72,0,3e-4,2018-02-06T20:00:00Z,0,,36.21,1517950800,28.38,1517983200,36.21,1517950800,24.27,1518001200,18.31,0.61,1028.58,0.99,4.76,1517943600,259,0.51,2,1517932800,10,23.9,2018-02-06T05:00:00Z,36.21,2018-02-06T21:00:00Z,23.9,2018-02-06T05:00:00Z,36.21,2018-02-06T21:00:00Z,
2018-02-07T05:00:00Z,"Rain starting in the afternoon, continuing until evening.",rain,2018-02-07T12:00:33Z,2018-02-07T22:22:08Z,0.75,0.0255,0.109,2018-02-07T23:00:00Z,0.88,rain,41.38,1518044400,25.21,1518094800,40.13,1518040800,19.47,1518091200,28.58,0.83,1023.11,1.38,15.74,1518062400,43,0.76,2,1518019200,6.77,28.38,2018-02-07T06:00:00Z,41.38,2018-02-07T23:00:00Z,24.27,2018-02-07T11:00:00Z,40.13,2018-02-07T22:00:00Z,
2018-02-08T05:00:00Z,Partly cloudy until evening.,partly-cloudy-day,2018-02-08T11:59:25Z,2018-02-08T22:23:22Z,0.78,4e-4,0.0019,2018-02-08T18:00:00Z,0.15,snow,31.97,1518123600,23.13,1518174000,28.26,1518120000,21.05,1518159600,16.83,0.6,1026.7,4.79,15.56,1518066000,310,0.44,3,1518105600,10,25.21,2018-02-08T13:00:00Z,32.62,2018-02-08T05:00:00Z,19.47,2018-02-08T12:00:00Z,28.26,2018-02-08T20:00:00Z,0.068
2018-02-09T05:00:00Z,Mostly cloudy throughout the day.,partly-cloudy-night,2018-02-09T11:58:16Z,2018-02-09T22:24:36Z,0.81,1e-4,6e-4,2018-02-09T18:00:00Z,0.07,snow,34.21,1518220800,34.57,1518224400,30.51,1518220800,32,1518224400,19.55,0.65,1033.09,2.01,8.06,1518213600,207,0.51,3,1518195600,9.98,23.13,2018-02-09T11:00:00Z,35.33,2018-02-10T03:00:00Z,21.05,2018-02-09T07:00:00Z,35.33,2018-02-10T03:00:00Z,0.013
2018-02-10T05:00:00Z,Light rain in the afternoon and overnight.,rain,2018-02-10T11:57:05Z,2018-02-10T22:25:50Z,0.84,0.0158,0.0877,2018-02-11T01:00:00Z,0.93,rain,45.96,1518282000,43.64,1518310800,45.96,1518282000,43.64,1518310800,37.95,0.89,1023.51,0.37,2.52,1518278400,171,0.89,2,1518274800,6.07,35.2,2018-02-10T05:00:00Z,45.96,2018-02-10T17:00:00Z,35.2,2018-02-10T05:00:00Z,45.96,2018-02-10T17:00:00Z,
2018-02-11T05:00:00Z,Rain until evening.,rain,2018-02-11T11:55:53Z,2018-02-11T22:27:04Z,0.87,0.0354,0.107,2018-02-11T19:00:00Z,0.94,rain,53.36,1518393600,41.1,1518440400,53.36,1518393600,36.68,1518440400,46.84,0.96,1014.76,0.99,7.26,1518382800,182,1,2,1518361200,3.84,43.91,2018-02-11T13:00:00Z,54.29,2018-02-12T04:00:00Z,43.91,2018-02-11T13:00:00Z,54.29,2018-02-12T04:00:00Z,
2018-02-12T05:00:00Z,Mostly cloudy until evening.,partly-cloudy-day,2018-02-12T11:54:39Z,2018-02-12T22:28:18Z,0.9,2e-4,0.0012,2018-02-12T05:00:00Z,0.1,rain,43.74,1518469200,25.61,1518523200,40.88,1518469200,20.16,1518519600,32.21,0.65,1026.18,4.77,12.94,1518444000,322,0.61,3,1518458400,9.69,33.14,2018-02-13T04:00:00Z,57.93,2018-02-12T07:00:00Z,27.95,2018-02-13T04:00:00Z,57.93,2018-02-12T07:00:00Z,
2018-02-13T05:00:00Z,Overcast starting in the evening.,cloudy,2018-02-13T11:53:24Z,2018-02-13T22:29:31Z,0.93,0,0,,0,,35.77,1518552000,31.91,1518570000,35.77,1518552000,31.91,1518570000,16.89,0.56,1041.31,1.53,9.82,1518519600,26,0.23,3,1518537600,10,25.61,2018-02-13T12:00:00Z,35.77,2018-02-13T20:00:00Z,20.16,2018-02-13T11:00:00Z,35.77,2018-02-13T20:00:00Z,
2018-02-14T05:00:00Z,Mostly cloudy throughout the day.,partly-cloudy-day,2018-02-14T11:52:08Z,2018-02-14T22:30:44Z,0.96,4e-4,0.0029,2018-02-15T04:00:00Z,0.45,rain,51.21,1518642000,43.78,1518696000,51.21,1518642000,43.78,1518696000,33.09,0.72,1026.08,2.25,7.96,1518627600,228,0.86,3,1518627600,9.92,33.2,2018-02-14T05:00:00Z,51.21,2018-02-14T21:00:00Z,33.2,2018-02-14T05:00:00Z,51.21,2018-02-14T21:00:00Z,
2018-02-15T05:00:00Z,Light rain overnight.,rain,2018-02-15T11:50:50Z,2018-02-15T22:31:57Z,0.99,0.0037,0.0229,2018-02-15T05:00:00Z,0.85,rain,57.52,1518732000,52.8,1518786000,57.52,1518732000,52.8,1518786000,46.5,0.88,1011.3,1.71,6.47,1518714000,214,0.83,3,1518714000,7.07,43.78,2018-02-15T12:00:00Z,57.52,2018-02-15T22:00:00Z,43.78,2018-02-15T12:00:00Z,57.52,2018-02-15T22:00:00Z,
2018-02-16T05:00:00Z,Mostly cloudy until evening.,partly-cloudy-day,2018-02-16T11:49:32Z,2018-02-16T22:33:10Z,0.03,0.0062,0.031,2018-02-16T05:00:00Z,0.84,rain,57.44,1518807600,27.52,1518868800,57.44,1518807600,25.19,1518858000,44.63,0.81,1006.77,3.7,18.19,1518825600,302,0.77,3,1518796800,8.81,36.54,2018-02-17T04:00:00Z,57.44,2018-02-16T19:00:00Z,31.48,2018-02-17T04:00:00Z,57.44,2018-02-16T19:00:00Z,
2018-02-17T05:00:00Z,Light snow (< 1 in.) starting in the evening.,snow,2018-02-17T11:48:12Z,2018-02-17T22:34:22Z,0.06,0.0023,0.0142,2018-02-18T02:00:00Z,0.26,snow,37.45,1518890400,32.54,1518919200,35.97,1518904800,29.08,1518951600,22.38,0.66,1025.51,0.88,11.95,1518843600,28,0.43,4,1518886800,7.92,27.52,2018-02-17T12:00:00Z,37.45,2018-02-17T18:00:00Z,25.19,2018-02-17T09:00:00Z,35.97,2018-02-17T22:00:00Z,0.423
2018-02-18T05:00:00Z,Rain until afternoon.,rain,2018-02-18T11:46:51Z,2018-02-18T22:35:34Z,0.09,0.0152,0.0778,2018-02-18T18:00:00Z,0.73,rain,44.19,1518984000,32.25,1519020000,41.9,1518987600,32.25,1519020000,27.98,0.71,1024.73,3.02,12.87,1518962400,312,0.32,4,1518973200,9.11,32.71,2018-02-18T05:00:00Z,44.19,2018-02-18T20:00:00Z,29.08,2018-02-18T11:00:00Z,41.9,2018-02-18T21:00:00Z,
2018-02-19T05:00:00Z,Foggy overnight.,fog,2018-02-19T11:45:28Z,2018-02-19T22:36:46Z,0.12,0.0022,0.0127,2018-02-20T00:00:00Z,0.72,rain,46.95,1519070400,44.62,1519102800,46.95,1519070400,44.62,1519102800,35.59,0.82,1031.31,1.55,8.02,1519056000,175,0.6,3,1519056000,8.35,32.25,2018-02-19T06:00:00Z,46.95,2018-02-19T20:00:00Z,32.25,2018-02-19T06:00:00Z,46.95,2018-02-19T20:00:00Z,
2018-02-20T05:00:00Z,Foggy in the morning.,fog,2018-02-20T11:44:05Z,2018-02-20T22:37:57Z,0.16,2e-4,0.0013,2018-02-20T05:00:00Z,0.17,rain,66.3,1519160400,54.15,1519200000,66.3,1519160400,54.15,1519200000,50.21,0.87,1026.48,2.28,9.59,1519149600,229,0.63,3,1519146000,6.29,44.62,2018-02-20T05:00:00Z,66.3,2018-02-20T21:00:00Z,44.62,2018-02-20T05:00:00Z,66.3,2018-02-20T21:00:00Z,
2018-02-21T05:00:00Z,Light rain starting in the evening.,rain,2018-02-21T11:42:41Z,2018-02-21T22:39:08Z,0.2,0.0029,0.0296,2018-02-22T02:00:00Z,0.61,rain,77.21,1519246800,44.35,1519304400,77.26,1519246800,38.45,1519304400,56.39,0.79,1025.57,2.57,12.84,1519239600,234,0.6,4,1519232400,8.65,54.15,2018-02-21T08:00:00Z,77.21,2018-02-21T21:00:00Z,54.15,2018-02-21T08:00:00Z,77.26,2018-02-21T21:00:00Z,
2018-02-22T05:00:00Z,"Light rain starting in the afternoon, continuing until evening.",rain,2018-02-22T11:41:15Z,2018-02-22T22:40:18Z,0.23,0.0067,0.0418,2018-02-22T22:00:00Z,0.92,rain,45.19,1519300800,36.17,1519376400,41.28,1519311600,32.67,1519383600,37.04,0.77,1035.26,4.92,21.1,1519300800,33,1,3,1519315200,8.95,37.26,2018-02-23T03:00:00Z,57.09,2018-02-22T05:00:00Z,33.82,2018-02-23T01:00:00Z,57.09,2018-02-22T05:00:00Z,
2018-02-23T05:00:00Z,Overcast throughout the day.,cloudy,2018-02-23T11:39:49Z,2018-02-23T22:41:29Z,0.27,0.0037,0.0265,2018-02-24T00:00:00Z,0.85,rain,38.91,1519430400,39.05,1519434000,38.91,1519430400,38.44,1519444800,35.21,0.91,1033.27,2.28,6.96,1519383600,76,1,3,1519401600,7.06,36.17,2018-02-23T09:00:00Z,40.1,2018-02-24T04:00:00Z,32.67,2018-02-23T11:00:00Z,39.62,2018-02-24T03:00:00Z,
2018-02-24T05:00:00Z,"Light rain starting in the afternoon, continuing until evening.",rain,2018-02-24T11:38:21Z,2018-02-24T22:42:38Z,0.31,0.0025,0.0207,2018-02-24T22:00:00Z,0.84,rain,52.65,1519491600,41.24,1519563600,52.65,1519491600,36.93,1519560000,41.98,0.86,1021.92,1.45,7.08,1519455600,302,0.85,3,1519488000,8.5,40.84,2018-02-24T05:00:00Z,52.65,2018-02-24T17:00:00Z,39,2018-02-24T05:00:00Z,52.65,2018-02-24T17:00:00Z,
2018-02-25T05:00:00Z,Rain until afternoon.,rain,2018-02-25T11:36:53Z,2018-02-25T22:43:48Z,0.34,0.0306,0.143,2018-02-25T12:00:00Z,0.96,rain,42.48,1519603200,41.87,1519639200,42.48,1519603200,41.3,1519650000,40.14,0.93,1017.91,2.92,11.91,1519560000,61,1,3,1519574400,7.15,41.21,2018-02-25T14:00:00Z,42.82,2018-02-25T05:00:00Z,36.93,2018-02-25T12:00:00Z,42.82,2018-02-25T05:00:00Z,
2018-02-26T05:00:00Z,Partly cloudy until evening.,partly-cloudy-day,2018-02-26T11:35:24Z,2018-02-26T22:44:57Z,0.38,1e-4,2e-4,2018-02-26T11:00:00Z,0.03,rain,50.92,1519682400,35.91,1519732800,50.92,1519682400,35.91,1519732800,34.28,0.69,1020.38,2.49,9.84,1519653600,298,0.45,4,1519664400,9.18,40.8,2018-02-27T04:00:00Z,50.92,2018-02-26T22:00:00Z,40.8,2018-02-27T04:00:00Z,50.92,2018-02-26T22:00:00Z,
2018-02-27T05:00:00Z,Clear throughout the day.,clear-day,2018-02-27T11:33:54Z,2018-02-27T22:46:06Z,0.42,1e-4,0.0016,2018-02-27T15:00:00Z,0.04,rain,55.23,1519761600,37.72,1519819200,55.23,1519761600,37.72,1519819200,26,0.48,1026.75,1.75,8.72,1519768800,257,0.01,5,1519750800,10,35.91,2018-02-27T12:00:00Z,55.23,2018-02-27T20:00:00Z,35.91,2018-02-27T12:00:00Z,55.23,2018-02-27T20:00:00Z,
2018-02-28T05:00:00Z,Mostly cloudy starting in the evening.,partly-cloudy-night,2018-02-28T11:32:23Z,2018-02-28T22:47:14Z,0.46,0,0,,0,,59.76,1519851600,44.07,1519905600,59.76,1519851600,44.07,1519905600,33,0.56,1017.36,2.62,9.04,1519848000,218,0.26,4,1519833600,10,37.72,2018-02-28T12:00:00Z,59.76,2018-02-28T21:00:00Z,37.72,2018-02-28T12:00:00Z,59.76,2018-02-28T21:00:00Z,
2018-03-01T05:00:00Z,Rain overnight.,rain,2018-03-01T11:30:51Z,2018-03-01T22:48:22Z,0.49,0.0083,0.1245,2018-03-02T04:00:00Z,0.94,rain,58.11,1519927200,36.4,1519995600,58.11,1519927200,30.43,1519995600,40.64,0.68,1008.64,1.44,11.01,1519963200,94,0.61,4,1519923600,9.45,44.07,2018-03-01T12:00:00Z,58.11,2018-03-01T18:00:00Z,41.17,2018-03-02T04:00:00Z,58.11,2018-03-01T18:00:00Z,
2018-03-02T05:00:00Z,Mixed precipitation until evening.,sleet,2018-03-02T11:29:19Z,2018-03-02T22:49:30Z,0.53,0.0675,0.1558,2018-03-02T09:00:00Z,0.96,rain,37.62,1519992000,34.88,1520038800,32.58,1519992000,26.83,1520038800,34.85,0.91,996.37,8.79,29.13,1520020800,343,1,3,1520006400,5.32,33.99,2018-03-02T23:00:00Z,43.81,2018-03-02T05:00:00Z,24.76,2018-03-02T23:00:00Z,40.27,2018-03-02T05:00:00Z,
2018-03-03T05:00:00Z,Mostly cloudy throughout the day.,partly-cloudy-day,2018-03-03T11:27:45Z,2018-03-03T22:50:37Z,0.56,0.001,0.0049,2018-03-03T16:00:00Z,0.21,rain,45.23,1520107200,39,1520164800,41.17,1520107200,34.05,1520161200,29.91,0.67,1014.55,8.23,20.77,1520092800,345,0.78,4,1520092800,10,35.78,2018-03-03T05:00:00Z,45.23,2018-03-03T20:00:00Z,28.77,2018-03-03T05:00:00Z,41.17,2018-03-03T20:00:00Z,
2018-03-04T05:00:00Z,Mostly cloudy throughout the day.,partly-cloudy-day,2018-03-04T11:26:12Z,2018-03-04T22:51:44Z,0.6,0,0,,0,,42.56,1520193600,32.58,1520251200,37.93,1520186400,26.27,1520222400,26.26,0.6,1019.4,6.94,16.88,1520200800,342,0.84,3,1520179200,10,33.38,2018-03-05T04:00:00Z,42.56,2018-03-04T20:00:00Z,26.27,2018-03-05T04:00:00Z,37.93,2018-03-04T18:00:00Z,
2018-03-05T05:00:00Z,Mostly cloudy until evening.,partly-cloudy-day,2018-03-05T11:24:37Z,2018-03-05T22:52:51Z,0.63,1e-4,5e-4,2018-03-05T16:00:00Z,0.01,rain,41.72,1520283600,30.91,1520334000,38.21,1520283600,30.91,1520334000,24.22,0.6,1017.72,5.6,14.65,1520258400,350,0.68,3,1520262000,9.98,32.58,2018-03-05T12:00:00Z,41.72,2018-03-05T21:00:00Z,26.76,2018-03-05T12:00:00Z,38.21,2018-03-05T21:00:00Z,
2018-03-06T05:00:00Z,Mostly cloudy starting in the afternoon.,partly-cloudy-night,2018-03-06T11:23:02Z,2018-03-06T22:53:57Z,0.66,0,0,,0,,45.07,1520362800,33.55,1520409600,44.86,1520359200,29.05,1520420400,26.94,0.65,1016.84,1.69,9.32,1520377200,127,0.31,5,1520355600,9.99,30.91,2018-03-06T11:00:00Z,45.07,2018-03-06T19:00:00Z,30.91,2018-03-06T11:00:00Z,44.86,2018-03-06T18:00:00Z,
2018-03-07T05:00:00Z,Mixed precipitation (13 in. of snow) throughout the day.,snow,2018-03-07T11:21:26Z,2018-03-07T22:55:03Z,0.7,0.0214,0.0394,2018-03-07T18:00:00Z,0.86,snow,35.79,1520438400,32.15,1520506800,29.81,1520434800,27.62,1520478000,31.99,0.92,1006.77,4.1,15.63,1520442000,39,1,3,1520438400,4.67,32.67,2018-03-07T23:00:00Z,38.27,2018-03-07T05:00:00Z,26.49,2018-03-07T18:00:00Z,34.44,2018-03-07T05:00:00Z,1.999
2018-03-08T05:00:00Z,Rain until afternoon.,rain,2018-03-08T11:19:50Z,2018-03-08T22:56:09Z,0.73,0.016,0.0559,2018-03-08T18:00:00Z,0.68,rain,39.07,1520539200,29.41,1520593200,35.51,1520539200,23.49,1520586000,28.17,0.75,1006.08,4.41,11.08,1520532000,287,0.74,3,1520521200,9.97,32.15,2018-03-08T11:00:00Z,39.07,2018-03-08T20:00:00Z,28.78,2018-03-09T04:00:00Z,35.51,2018-03-08T20:00:00Z,
2018-03-09T05:00:00Z,Mostly cloudy until evening.,partly-cloudy-day,2018-03-09T11:18:13Z,2018-03-09T22:57:14Z,0.76,0.0033,0.0157,2018-03-09T19:00:00Z,0.41,rain,41.42,1520629200,30.71,1520679600,36.21,1520629200,25.07,1520679600,23.54,0.63,1007.59,6.49,14.84,1520632800,269,0.7,4,1520611200,9.95,29.41,2018-03-09T11:00:00Z,41.42,2018-03-09T21:00:00Z,23.49,2018-03-09T09:00:00Z,36.21,2018-03-09T21:00:00Z,
2018-03-10T05:00:00Z,Mostly cloudy throughout the day.,partly-cloudy-night,2018-03-10T11:16:36Z,2018-03-10T22:58:20Z,0.79,5e-4,0.0027,2018-03-10T19:00:00Z,0.16,rain,38.9,1520708400,30.62,1520766000,33.9,1520719200,28.3,1520762400,21.37,0.56,1013.98,5.79,15.1,1520697600,283,0.57,4,1520697600,10,30.71,2018-03-10T11:00:00Z,38.9,2018-03-10T19:00:00Z,25.07,2018-03-10T11:00:00Z,33.9,2018-03-10T22:00:00Z,
2018-03-11T05:00:00Z,Clear throughout the day.,clear-day,2018-03-11T11:14:58Z,2018-03-11T22:59:24Z,0.82,6e-4,0.0034,2018-03-11T19:00:00Z,0.08,rain,44.1,1520802000,30.1,1520852400,42.71,1520798400,30.1,1520852400,21.59,0.53,1018.06,3.1,11.26,1520776800,303,0.15,5,1520784000,10,30.62,2018-03-11T11:00:00Z,44.1,2018-03-11T21:00:00Z,28.3,2018-03-11T10:00:00Z,42.71,2018-03-11T20:00:00Z,
2018-03-12T04:00:00Z,Mostly cloudy throughout the day.,partly-cloudy-day,2018-03-12T11:13:24Z,2018-03-12T23:00:26Z,0.85,2e-4,0.0034,2018-03-13T03:00:00Z,0.46,rain,42.01,1520877600,32.96,1520942400,38.34,1520877600,27.36,1520931600,26.81,0.67,1014.51,4.14,12.96,1520902800,55,0.48,4,1520870400,9.91,30.1,2018-03-12T11:00:00Z,42.01,2018-03-12T18:00:00Z,30.1,2018-03-12T11:00:00Z,38.34,2018-03-12T18:00:00Z,
2018-03-13T04:00:00Z,Light snow (< 1 in.) until afternoon.,snow,2018-03-13T11:11:45Z,2018-03-13T23:01:30Z,0.88,0.0079,0.0178,2018-03-13T17:00:00Z,0.72,snow,39.66,1520974800,30.49,1521025200,33.78,1520971200,23.18,1521025200,28.8,0.79,1004.54,5.87,16.99,1520974800,322,0.8,3,1520953200,6.78,32.96,2018-03-13T12:00:00Z,39.66,2018-03-13T21:00:00Z,27.36,2018-03-13T09:00:00Z,33.78,2018-03-13T20:00:00Z,0.881
2018-03-14T04:00:00Z,Mostly cloudy starting in the afternoon.,partly-cloudy-night,2018-03-14T11:10:06Z,2018-03-14T23:02:34Z,0.91,1e-4,7e-4,2018-03-14T17:00:00Z,0.03,snow,39.87,1521054000,32.06,1521104400,34.05,1521054000,25.34,1521104400,22.83,0.62,1002.71,7.98,17.27,1521064800,268,0.5,5,1521043200,9.41,30.49,2018-03-14T11:00:00Z,39.87,2018-03-14T19:00:00Z,23.18,2018-03-14T11:00:00Z,34.05,2018-03-14T19:00:00Z,0
2018-03-15T04:00:00Z,Mostly cloudy throughout the day.,partly-cloudy-day,2018-03-15T11:08:27Z,2018-03-15T23:03:38Z,0.94,0,0,,0,,45.95,1521140400,32.59,1521198000,41.86,1521144000,27.02,1521201600,22.88,0.56,1001.87,7.34,17.24,1521093600,276,0.56,6,1521133200,9.98,32.06,2018-03-15T09:00:00Z,45.95,2018-03-15T19:00:00Z,25.34,2018-03-15T09:00:00Z,41.86,2018-03-15T20:00:00Z,
2018-03-16T04:00:00Z,Mostly cloudy until evening.,partly-cloudy-day,2018-03-16T11:06:48Z,2018-03-16T23:04:42Z,0.97,0,0,,0,,38.87,1521223200,27.03,1521284400,32.18,1521223200,20.69,1521284400,20.31,0.56,1007.41,6.95,21.62,1521226800,300,0.33,4,1521216000,9.99,31.71,2018-03-17T03:00:00Z,38.87,2018-03-16T18:00:00Z,24.64,2018-03-17T03:00:00Z,32.18,2018-03-16T18:00:00Z,
2018-03-17T04:00:00Z,Clear throughout the day.,clear-day,2018-03-17T11:05:08Z,2018-03-17T23:05:45Z,0.01,0,0,,0,,47.21,1521316800,28.79,1521374400,43.88,1521324000,22.38,1521374400,14.99,0.42,1010.14,5.81,16,1521313200,291,0.04,6,1521306000,10,27.03,2018-03-17T11:00:00Z,47.21,2018-03-17T20:00:00Z,20.69,2018-03-17T11:00:00Z,43.88,2018-03-17T22:00:00Z,
2018-03-18T04:00:00Z,Clear throughout the day.,clear-day,2018-03-18T11:03:28Z,2018-03-18T23:06:49Z,0.04,0,0,,0,,43.03,1521406800,30.59,1521453600,39.64,1521414000,29.91,1521460800,10.65,0.36,1013.01,4,13.41,1521403200,327,0,6,1521388800,10,28.79,2018-03-18T12:00:00Z,43.03,2018-03-18T21:00:00Z,22.35,2018-03-18T13:00:00Z,39.71,2018-03-19T00:00:00Z,
2018-03-19T04:00:00Z,Partly cloudy in the morning.,partly-cloudy-day,2018-03-19T11:01:48Z,2018-03-19T23:07:52Z,0.07,0,0,,0,,45.44,1521493200,30.21,1521543600,45.44,1521493200,25.88,1521547200,15.87,0.44,1013.64,1.66,9.13,1521464400,352,0.15,6,1521478800,10,30.59,2018-03-19T10:00:00Z,45.44,2018-03-19T21:00:00Z,29.91,2018-03-19T12:00:00Z,45.44,2018-03-19T21:00:00Z,
2018-03-20T04:00:00Z,Mostly cloudy throughout the day.,partly-cloudy-day,2018-03-20T11:00:08Z,2018-03-20T23:08:55Z,0.11,0,2e-4,2018-03-20T23:00:00Z,0,,37.06,1521583200,33.3,1521633600,33.81,1521586800,26.49,1521633600,14.77,0.45,1012.88,4.55,11.6,1521572400,49,0.58,4,1521561600,9.99,30.21,2018-03-20T11:00:00Z,37.33,2018-03-21T02:00:00Z,25.82,2018-03-20T13:00:00Z,33.95,2018-03-20T04:00:00Z,
2018-03-21T04:00:00Z,Foggy throughout the day.,fog,2018-03-21T10:58:28Z,2018-03-21T23:09:57Z,0.14,0.0038,0.0088,2018-03-21T18:00:00Z,0.51,snow,34.64,1521630000,31.67,1521680400,28.7,1521669600,27.47,1521680400,26.1,0.77,1005.35,6.18,16.5,1521626400,35,1,4,1521648000,4.27,31.3,2018-03-21T14:00:00Z,37.96,2018-03-21T07:00:00Z,24.06,2018-03-21T14:00:00Z,32.62,2018-03-21T07:00:00Z,0.706
2018-03-22T04:00:00Z,Rain until afternoon.,rain,2018-03-22T10:56:48Z,2018-03-22T23:11:00Z,0.18,0.0168,0.1136,2018-03-22T17:00:00Z,0.73,rain,49.43,1521752400,34.2,1521802800,46.8,1521752400,31.34,1521792000,27.64,0.66,1009.23,4.95,13.93,1521745200,323,0.61,6,1521738000,8.19,32.06,2018-03-22T04:00:00Z,49.43,2018-03-22T21:00:00Z,28.33,2018-03-22T06:00:00Z,46.8,2018-03-22T21:00:00Z,
2018-03-23T04:00:00Z,Mostly cloudy throughout the day.,partly-cloudy-day,2018-03-23T10:55:08Z,2018-03-23T23:12:03Z,0.22,0,0,,0,,48.32,1521831600,34.01,1521889200,47.31,1521831600,30.12,1521889200,23.7,0.5,1016.12,4.27,10.88,1521777600,321,0.5,6,1521824400,10,34.2,2018-03-23T11:00:00Z,48.32,2018-03-23T19:00:00Z,31.34,2018-03-23T08:00:00Z,47.31,2018-03-23T19:00:00Z,
2018-03-24T04:00:00Z,Partly cloudy starting in the evening.,partly-cloudy-night,2018-03-24T10:53:27Z,2018-03-24T23:13:05Z,0.25,0,0,,0,,49.15,1521921600,32.96,1521975600,48.17,1521925200,28.89,1521972000,21.03,0.44,1018.89,4.36,12.06,1521907200,323,0.35,6,1521907200,10,34.01,2018-03-24T11:00:00Z,49.15,2018-03-24T20:00:00Z,30.12,2018-03-24T11:00:00Z,48.17,2018-03-24T21:00:00Z,
2018-03-25T04:00:00Z,Mostly cloudy throughout the day.,partly-cloudy-day,2018-03-25T10:51:47Z,2018-03-25T23:14:08Z,0.29,0,0,,0,,42.19,1522004400,32.69,1522058400,40.94,1522018800,26.97,1522058400,24.4,0.58,1028.29,3.88,12.4,1521993600,41,0.66,4,1521993600,10,32.96,2018-03-25T11:00:00Z,42.19,2018-03-25T19:00:00Z,28.89,2018-03-25T10:00:00Z,40.94,2018-03-25T23:00:00Z,
2018-03-26T04:00:00Z,Clear throughout the day.,clear-day,2018-03-26T10:50:07Z,2018-03-26T23:15:10Z,0.33,0,0,,0,,46.66,1522094400,31.2,1522144800,46.66,1522094400,31.2,1522144800,22.76,0.54,1038.6,4.2,20.72,1522072800,68,0.04,7,1522083600,10,32.69,2018-03-26T10:00:00Z,46.66,2018-03-26T20:00:00Z,26.97,2018-03-26T10:00:00Z,46.66,2018-03-26T20:00:00Z,
2018-03-27T04:00:00Z,Mostly cloudy throughout the day.,partly-cloudy-day,2018-03-27T10:48:27Z,2018-03-27T23:16:12Z,0.37,0,5e-4,2018-03-28T03:00:00Z,0,,42.61,1522173600,37.35,1522220400,42.61,1522173600,33.6,1522224000,24.5,0.6,1032.68,1.21,6.3,1522166400,132,0.39,6,1522170000,9.99,31.2,2018-03-27T10:00:00Z,42.61,2018-03-27T18:00:00Z,31.2,2018-03-27T10:00:00Z,42.61,2018-03-27T18:00:00Z,
2018-03-28T04:00:00Z,Overcast throughout the day.,cloudy,2018-03-28T10:46:47Z,2018-03-28T23:17:14Z,0.4,0.0017,0.0162,2018-03-28T10:00:00Z,0.82,rain,49.87,1522270800,47.02,1522288800,49.87,1522270800,47.02,1522288800,37.84,0.82,1018.57,1.74,15.65,1522224000,237,0.94,5,1522256400,9,37.35,2018-03-28T07:00:00Z,49.87,2018-03-28T21:00:00Z,33.6,2018-03-28T08:00:00Z,49.87,2018-03-28T21:00:00Z,
2018-03-29T04:00:00Z,Foggy starting in the evening.,fog,2018-03-29T10:45:07Z,2018-03-29T23:18:17Z,0.44,0.0011,0.0083,2018-03-29T15:00:00Z,0.76,rain,49.55,1522353600,46.39,1522378800,48.97,1522360800,46.39,1522378800,44.94,0.9,1015.71,1.41,6.16,1522357200,120,1,4,1522339200,5.2,46.39,2018-03-30T03:00:00Z,49.55,2018-03-29T20:00:00Z,46.39,2018-03-30T03:00:00Z,48.97,2018-03-29T22:00:00Z,
2018-03-30T04:00:00Z,Mostly cloudy throughout the day.,partly-cloudy-day,2018-03-30T10:43:28Z,2018-03-30T23:19:19Z,0.47,0.0017,0.0171,2018-03-30T22:00:00Z,0.84,rain,58.04,1522436400,37.57,1522494000,58.04,1522436400,34.91,1522490400,45.16,0.84,1008.54,2.54,12.97,1522447200,320,0.88,4,1522425600,7.08,44.87,2018-03-31T03:00:00Z,58.04,2018-03-30T19:00:00Z,41.21,2018-03-31T03:00:00Z,58.04,2018-03-30T19:00:00Z,
2018-03-31T04:00:00Z,Mostly cloudy in the morning.,partly-cloudy-night,2018-03-31T10:41:49Z,2018-03-31T23:20:21Z,0.52,0,0,,0,,54.85,1522522800,42.99,1522558800,54.85,1522522800,40.29,1522558800,24.43,0.44,1022.37,1.76,13.87,1522530000,248,0.15,7,1522512000,10,37.57,2018-03-31T11:00:00Z,54.85,2018-03-31T19:00:00Z,34.91,2018-03-31T10:00:00Z,54.85,2018-03-31T19:00:00Z,
2018-04-01T04:00:00Z,Mostly cloudy until evening.,partly-cloudy-day,2018-04-01T10:40:10Z,2018-04-01T23:21:23Z,0.55,0,0,,0,,57.99,1522602000,31.95,1522670400,57.99,1522602000,29.04,1522670400,32.14,0.52,1016.47,2.39,12.59,1522605600,265,0.53,6,1522602000,10,42.99,2018-04-01T05:00:00Z,57.99,2018-04-01T17:00:00Z,40.29,2018-04-01T05:00:00Z,57.99,2018-04-01T17:00:00Z,
2018-04-02T04:00:00Z,"Mixed precipitation starting in the afternoon, continuing until evening.",rain,2018-04-02T10:38:31Z,2018-04-02T23:22:25Z,0.58,0.0137,0.0763,2018-04-02T19:00:00Z,0.68,rain,41.34,1522706400,34.4,1522746000,41.34,1522706400,34.4,1522746000,29.09,0.73,1020.2,2.01,10.44,1522656000,46,0.74,4,1522684800,7.71,31.95,2018-04-02T12:00:00Z,42.55,2018-04-02T04:00:00Z,29.04,2018-04-02T12:00:00Z,42.55,2018-04-02T04:00:00Z,
2018-04-03T04:00:00Z,"Light rain starting in the afternoon, continuing until evening.",rain,2018-04-03T10:36:53Z,2018-04-03T23:23:27Z,0.61,0.0086,0.0468,2018-04-03T17:00:00Z,0.92,rain,40.85,1522792800,39.97,1522807200,40.78,1522789200,39.97,1522807200,35.33,0.89,1019.12,1.44,6.72,1522785600,107,0.78,4,1522771200,6.32,34.4,2018-04-03T09:00:00Z,40.85,2018-04-03T22:00:00Z,34.4,2018-04-03T09:00:00Z,40.78,2018-04-03T21:00:00Z,
2018-04-04T04:00:00Z,Light rain in the afternoon.,rain,2018-04-04T10:35:15Z,2018-04-04T23:24:30Z,0.64,0.0027,0.0271,2018-04-04T19:00:00Z,0.87,rain,54.38,1522875600,33.13,1522926000,54.38,1522875600,27.19,1522922400,37.26,0.76,1003.61,3.97,26,1522879200,281,0.79,4,1522857600,4.89,40.34,2018-04-04T04:00:00Z,54.38,2018-04-04T21:00:00Z,36.06,2018-04-05T03:00:00Z,54.38,2018-04-04T21:00:00Z,
2018-04-05T04:00:00Z,Partly cloudy until evening.,partly-cloudy-day,2018-04-05T10:33:37Z,2018-04-05T23:25:32Z,0.67,0,0,,0,,44.14,1522958400,34.05,1522998000,39.6,1522958400,34.05,1522998000,16.64,0.41,1017.3,6.92,20.98,1522900800,292,0.31,6,1522944000,10,33.13,2018-04-05T11:00:00Z,44.14,2018-04-05T20:00:00Z,27.19,2018-04-05T10:00:00Z,39.6,2018-04-05T20:00:00Z,
2018-04-06T04:00:00Z,Light rain in the morning.,rain,2018-04-06T10:32:00Z,2018-04-06T23:26:34Z,0.7,0.0025,0.0243,2018-04-06T14:00:00Z,0.8,rain,59.27,1523048400,39.82,1523102400,59.27,1523048400,35.31,1523102400,31.15,0.61,1013.78,3.08,15.03,1523048400,202,0.69,5,1523034000,9.54,34.05,2018-04-06T07:00:00Z,59.27,2018-04-06T21:00:00Z,34.05,2018-04-06T07:00:00Z,59.27,2018-04-06T21:00:00Z,
2018-04-07T04:00:00Z,Mostly cloudy throughout the day.,partly-cloudy-day,2018-04-07T10:30:23Z,2018-04-07T23:27:36Z,0.73,0,0,,0,,46.46,1523134800,31.29,1523185200,46.46,1523134800,23.36,1523181600,23.86,0.48,1010.71,3.89,13.12,1523109600,335,0.83,5,1523124000,9.99,38.87,2018-04-07T13:00:00Z,49.62,2018-04-07T04:00:00Z,34.45,2018-04-07T13:00:00Z,49.62,2018-04-07T04:00:00Z,
2018-04-08T04:00:00Z,Partly cloudy until evening.,partly-cloudy-day,2018-04-08T10:28:47Z,2018-04-08T23:28:39Z,0.76,0,0,,0,,43.14,1523217600,30.46,1523271600,39.76,1523210400,27.77,1523253600,16.74,0.44,1013.12,5.25,16.14,1523221200,346,0.37,6,1523203200,10,31.29,2018-04-08T11:00:00Z,43.14,2018-04-08T20:00:00Z,23.36,2018-04-08T10:00:00Z,39.76,2018-04-08T18:00:00Z,
2018-04-09T04:00:00Z,Mostly cloudy throughout the day.,partly-cloudy-day,2018-04-09T10:27:12Z,2018-04-09T23:29:41Z,0.79,0,0,,0,,47.22,1523304000,37.13,1523354400,47.22,1523304000,37.13,1523354400,19.9,0.48,1021.62,1.6,10.16,1523311200,273,0.42,7,1523293200,10,30.46,2018-04-09T11:00:00Z,47.22,2018-04-09T20:00:00Z,27.77,2018-04-09T06:00:00Z,47.22,2018-04-09T20:00:00Z,
2018-04-10T04:00:00Z,Mostly cloudy until evening.,partly-cloudy-day,2018-04-10T10:25:37Z,2018-04-10T23:30:44Z,0.82,4e-4,0.0032,2018-04-10T09:00:00Z,0.5,rain,48.04,1523394000,32.52,1523444400,46.3,1523390400,32.52,1523444400,29.46,0.64,1021.39,2.57,10.19,1523394000,303,0.81,4,1523372400,9.06,37.13,2018-04-10T10:00:00Z,48.04,2018-04-10T21:00:00Z,37.13,2018-04-10T10:00:00Z,46.3,2018-04-10T20:00:00Z,
2018-04-11T04:00:00Z,Mostly cloudy throughout the day.,partly-cloudy-day,2018-04-11T10:24:02Z,2018-04-11T23:31:47Z,0.85,0,0,,0,,49.57,1523469600,42.09,1523530800,49.57,1523469600,42.09,1523530800,25.69,0.53,1021.32,1.15,9.78,1523480400,195,0.36,6,1523462400,10,32.52,2018-04-11T11:00:00Z,49.57,2018-04-11T18:00:00Z,32.52,2018-04-11T11:00:00Z,49.57,2018-04-11T18:00:00Z,
2018-04-12T04:00:00Z,Mostly cloudy until evening.,partly-cloudy-day,2018-04-12T10:22:29Z,2018-04-12T23:32:49Z,0.88,0,0,,0,,58.95,1523556000,55.08,1523584800,58.95,1523556000,55.08,1523584800,37.32,0.61,1016.14,2.65,10.36,1523581200,187,0.6,6,1523548800,9.99,42.09,2018-04-12T11:00:00Z,58.95,2018-04-12T18:00:00Z,42.09,2018-04-12T11:00:00Z,58.95,2018-04-12T18:00:00Z,
2018-04-13T04:00:00Z,Partly cloudy until evening.,partly-cloudy-day,2018-04-13T10:20:55Z,2018-04-13T23:33:52Z,0.92,0,0,,0,,80.86,1523649600,59.12,1523703600,80.86,1523649600,59.12,1523703600,45.24,0.47,1011.41,4.24,12.16,1523610000,221,0.25,7,1523635200,9.97,56.11,2018-04-13T04:00:00Z,80.86,2018-04-13T20:00:00Z,56.11,2018-04-13T04:00:00Z,80.86,2018-04-13T20:00:00Z,
2018-04-14T04:00:00Z,Mostly cloudy starting in the evening.,partly-cloudy-night,2018-04-14T10:19:23Z,2018-04-14T23:34:55Z,0.95,0,0,,0,,75.78,1523728800,41.27,1523793600,75.78,1523728800,36.27,1523786400,49.35,0.61,1014.4,2.1,16.76,1523761200,110,0.21,8,1523721600,9.74,46.99,2018-04-15T03:00:00Z,75.78,2018-04-14T18:00:00Z,43.08,2018-04-15T03:00:00Z,75.78,2018-04-14T18:00:00Z,
2018-04-15T04:00:00Z,Rain starting in the evening.,rain,2018-04-15T10:17:51Z,2018-04-15T23:35:58Z,0.98,0.0093,0.0655,2018-04-16T01:00:00Z,0.9,rain,41.28,1523797200,37.8,1523836800,36.37,1523800800,31.76,1523836800,34.43,0.78,1024.55,8.15,18.53,1523833200,72,1,4,1523804400,8.54,37.8,2018-04-16T00:00:00Z,45.12,2018-04-15T04:00:00Z,31.55,2018-04-15T23:00:00Z,41.17,2018-04-15T04:00:00Z,
2018-04-16T04:00:00Z,Heavy rain until afternoon.,rain,2018-04-16T10:16:20Z,2018-04-16T23:37:01Z,0.02,0.0847,0.3958,2018-04-16T14:00:00Z,0.96,rain,57.13,1523908800,40.33,1523962800,57.13,1523908800,36.48,1523962800,43.59,0.86,1005.6,2.53,20.17,1523869200,106,0.91,5,1523898000,6.53,38.25,2018-04-16T04:00:00Z,57.13,2018-04-16T20:00:00Z,32.15,2018-04-16T04:00:00Z,57.13,2018-04-16T20:00:00Z,
2018-04-17T04:00:00Z,Mostly cloudy throughout the day.,partly-cloudy-day,2018-04-17T10:14:50Z,2018-04-17T23:38:04Z,0.06,1e-4,3e-4,2018-04-17T08:00:00Z,0.04,rain,45.54,1523988000,37.05,1524034800,41.79,1523988000,32.7,1524038400,31.04,0.63,1004.56,6.52,14.64,1523995200,276,0.93,4,1523977200,10,40,2018-04-18T03:00:00Z,45.54,2018-04-17T18:00:00Z,35.42,2018-04-18T03:00:00Z,42.06,2018-04-17T04:00:00Z,
2018-04-18T04:00:00Z,Mostly cloudy until afternoon.,partly-cloudy-day,2018-04-18T10:13:21Z,2018-04-18T23:39:07Z,0.09,0,0,,0,,52.78,1524088800,41.56,1524135600,52.78,1524088800,41.56,1524135600,28.91,0.55,1008.87,4.96,14.55,1524070800,272,0.58,6,1524074400,10,37.05,2018-04-18T07:00:00Z,52.78,2018-04-18T22:00:00Z,32.7,2018-04-18T08:00:00Z,52.78,2018-04-18T22:00:00Z,
2018-04-19T04:00:00Z,Light rain in the afternoon.,rain,2018-04-19T10:11:52Z,2018-04-19T23:40:10Z,0.13,0.0067,0.0299,2018-04-19T19:00:00Z,0.9,rain,44.74,1524171600,36.3,1524218400,43.58,1524157200,30.65,1524218400,34.82,0.73,1008.6,3.24,16.3,1524182400,331,0.86,4,1524150000,9.58,39.02,2018-04-20T03:00:00Z,46.88,2018-04-19T05:00:00Z,34.48,2018-04-20T03:00:00Z,46.88,2018-04-19T05:00:00Z,
2018-04-20T04:00:00Z,Partly cloudy in the morning.,partly-cloudy-day,2018-04-20T10:10:25Z,2018-04-20T23:41:14Z,0.17,0,0,,0,,50.19,1524254400,37.01,1524304800,50.19,1524254400,37.01,1524304800,25.47,0.52,1021.88,6.42,16.5,1524229200,316,0.18,8,1524240000,10,36.3,2018-04-20T10:00:00Z,50.19,2018-04-20T20:00:00Z,30.65,2018-04-20T10:00:00Z,50.19,2018-04-20T20:00:00Z,
2018-04-21T04:00:00Z,Clear throughout the day.,clear-day,2018-04-21T10:08:58Z,2018-04-21T23:42:17Z,0.2,0,0,,0,,60.71,1524344400,41.31,1524391200,60.71,1524344400,41.31,1524391200,26.23,0.44,1027.95,3.15,11.97,1524330000,308,0.08,8,1524326400,10,37.01,2018-04-21T10:00:00Z,60.71,2018-04-21T21:00:00Z,37.01,2018-04-21T10:00:00Z,60.71,2018-04-21T21:00:00Z,
2018-04-22T04:00:00Z,Clear throughout the day.,clear-day,2018-04-22T10:07:32Z,2018-04-22T23:43:20Z,0.24,0,0,,0,,63.83,1524423600,40.83,1524477600,63.83,1524423600,40.83,1524477600,24.66,0.34,1028.66,0.64,9.63,1524430800,252,0.04,9,1524416400,10,41.31,2018-04-22T10:00:00Z,63.83,2018-04-22T19:00:00Z,41.31,2018-04-22T10:00:00Z,63.83,2018-04-22T19:00:00Z,
2018-04-23T04:00:00Z,Clear throughout the day.,clear-day,2018-04-23T10:06:08Z,2018-04-23T23:44:24Z,0.28,0,0,,0,,62.91,1524506400,41.56,1524564000,62.91,1524506400,41.56,1524564000,33.08,0.51,1030.99,1.59,10,1524517200,127,0.03,9,1524502800,10,40.83,2018-04-23T10:00:00Z,62.91,2018-04-23T18:00:00Z,40.83,2018-04-23T10:00:00Z,62.91,2018-04-23T18:00:00Z,
2018-04-24T04:00:00Z,Light rain overnight.,rain,2018-04-24T10:04:44Z,2018-04-24T23:45:27Z,0.32,2e-4,0.004,2018-04-25T03:00:00Z,0.56,rain,63.26,1524589200,52.02,1524639600,63.26,1524589200,52.02,1524639600,41.52,0.67,1027.47,2.9,13.93,1524592800,137,0.42,7,1524589200,9.79,41.56,2018-04-24T10:00:00Z,63.26,2018-04-24T17:00:00Z,41.56,2018-04-24T10:00:00Z,63.26,2018-04-24T17:00:00Z,
2018-04-25T04:00:00Z,Rain in the morning and overnight.,rain,2018-04-25T10:03:21Z,2018-04-25T23:46:31Z,0.35,0.0208,0.0905,2018-04-25T12:00:00Z,0.92,rain,57.1,1524675600,54.17,1524722400,57.1,1524675600,54.17,1524722400,53.16,0.95,1010.82,3.57,24.81,1524672000,111,1,4,1524668400,4.21,52.02,2018-04-25T07:00:00Z,57.1,2018-04-25T17:00:00Z,52.02,2018-04-25T07:00:00Z,57.1,2018-04-25T17:00:00Z,
2018-04-26T04:00:00Z,Partly cloudy until evening.,partly-cloudy-day,2018-04-26T10:01:59Z,2018-04-26T23:47:34Z,0.39,0.0032,0.032,2018-04-26T06:00:00Z,0.66,rain,68.12,1524780000,52.81,1524823200,68.12,1524780000,52.81,1524823200,47.1,0.66,1006.28,3.13,13.44,1524765600,283,0.45,8,1524758400,8.47,54.17,2018-04-26T06:00:00Z,68.12,2018-04-26T22:00:00Z,54.17,2018-04-26T06:00:00Z,68.12,2018-04-26T22:00:00Z,
2018-04-27T04:00:00Z,Mostly cloudy throughout the day.,partly-cloudy-day,2018-04-27T10:00:39Z,2018-04-27T23:48:38Z,0.42,0.0034,0.0225,2018-04-27T16:00:00Z,0.87,rain,53.98,1524830400,47.85,1524909600,53.98,1524830400,47.85,1524909600,46.99,0.81,1009.36,1.7,9.8,1524841200,71,0.75,4,1524841200,8.34,51.28,2018-04-28T00:00:00Z,55.67,2018-04-27T04:00:00Z,51.28,2018-04-28T00:00:00Z,55.67,2018-04-27T04:00:00Z,
2018-04-28T04:00:00Z,Rain starting in the evening.,rain,2018-04-28T09:59:19Z,2018-04-28T23:49:41Z,0.46,0.0062,0.0557,2018-04-29T01:00:00Z,0.73,rain,65.51,1524938400,48.94,1525003200,65.51,1524938400,47.36,1525003200,49.81,0.82,1009.41,1.01,10.7,1524960000,165,0.64,7,1524931200,7.71,47.85,2018-04-28T10:00:00Z,65.51,2018-04-28T18:00:00Z,47.85,2018-04-28T10:00:00Z,65.51,2018-04-28T18:00:00Z,
2018-04-29T04:00:00Z,Mostly cloudy throughout the day.,partly-cloudy-day,2018-04-29T09:58:01Z,2018-04-29T23:50:44Z,0.48,0.0038,0.0156,2018-04-29T08:00:00Z,0.78,rain,56.77,1525024800,45.57,1525082400,56.77,1525024800,43.37,1525082400,40.93,0.68,1013.12,4.44,14.51,1525039200,305,0.86,6,1525021200,9.67,46.69,2018-04-30T02:00:00Z,56.77,2018-04-29T18:00:00Z,44.44,2018-04-30T02:00:00Z,56.77,2018-04-29T18:00:00Z,
2018-04-30T04:00:00Z,Mostly cloudy throughout the day.,partly-cloudy-day,2018-04-30T09:56:44Z,2018-04-30T23:51:48Z,0.53,8e-4,0.0062,2018-04-30T23:00:00Z,0.42,rain,50.3,1525111200,45.84,1525168800,50.3,1525111200,45.84,1525168800,34.91,0.62,1016.26,4.65,16.95,1525100400,303,0.88,5,1525111200,9.98,45.57,2018-04-30T10:00:00Z,50.3,2018-04-30T18:00:00Z,42.17,2018-04-30T16:00:00Z,50.3,2018-04-30T18:00:00Z,
2018-05-01T04:00:00Z,Mostly cloudy in the morning.,partly-cloudy-night,2018-05-01T09:55:28Z,2018-05-01T23:52:51Z,0.56,0,0,,0,,79.35,1525204800,59.57,1525255200,79.35,1525204800,59.57,1525255200,35.1,0.43,1017.3,2.57,12.15,1525190400,275,0.27,9,1525190400,10,45.84,2018-05-01T10:00:00Z,79.35,2018-05-01T20:00:00Z,45.84,2018-05-01T10:00:00Z,79.35,2018-05-01T20:00:00Z,
2018-05-02T04:00:00Z,Clear throughout the day.,clear-day,2018-05-02T09:54:13Z,2018-05-02T23:53:54Z,0.59,0,0,,0,,88.27,1525287600,67.06,1525341600,88.27,1525287600,67.06,1525341600,40.71,0.3,1016.96,3.93,16.15,1525291200,235,0.09,9,1525280400,10,59.57,2018-05-02T10:00:00Z,88.27,2018-05-02T19:00:00Z,59.57,2018-05-02T10:00:00Z,88.27,2018-05-02T19:00:00Z,
2018-05-03T04:00:00Z,Mostly cloudy starting in the afternoon.,partly-cloudy-night,2018-05-03T09:52:59Z,2018-05-03T23:54:57Z,0.62,0.0016,0.0272,2018-05-04T00:00:00Z,0.5,rain,90.9,1525377600,67.96,1525428000,90.9,1525377600,68.36,1525428000,54.39,0.46,1014.71,3.4,14.84,1525381200,232,0.31,9,1525366800,9.98,67.06,2018-05-03T10:00:00Z,90.9,2018-05-03T20:00:00Z,67.06,2018-05-03T10:00:00Z,90.9,2018-05-03T20:00:00Z,
2018-05-04T04:00:00Z,Mostly cloudy throughout the day.,partly-cloudy-day,2018-05-04T09:51:47Z,2018-05-04T23:56:00Z,0.65,2e-4,0.0017,2018-05-04T04:00:00Z,0.19,rain,82.83,1525467600,61.2,1525518000,83.63,1525464000,61.2,1525518000,63.04,0.68,1011.94,2.49,14.55,1525489200,215,0.56,7,1525456800,9.92,67.96,2018-05-04T10:00:00Z,82.83,2018-05-04T21:00:00Z,68.36,2018-05-04T10:00:00Z,83.63,2018-05-04T20:00:00Z,
2018-05-05T04:00:00Z,Partly cloudy throughout the day.,partly-cloudy-day,2018-05-05T09:50:36Z,2018-05-05T23:57:02Z,0.68,0,0,,0,,73.73,1525543200,59.21,1525604400,73.73,1525543200,59.21,1525604400,44.26,0.43,1016.84,2.74,14.88,1525496400,292,0.47,7,1525536000,10,61.2,2018-05-05T11:00:00Z,75.95,2018-05-05T04:00:00Z,61.2,2018-05-05T11:00:00Z,75.95,2018-05-05T04:00:00Z,
2018-05-06T04:00:00Z,Overcast throughout the day.,cloudy,2018-05-06T09:49:27Z,2018-05-06T23:58:05Z,0.71,0.0012,0.0082,2018-05-06T14:00:00Z,0.19,rain,63.66,1525633200,52.72,1525687200,63.66,1525633200,52.72,1525687200,50.25,0.69,1014.71,1.38,8.24,1525633200,61,0.96,5,1525622400,9.98,57.07,2018-05-07T03:00:00Z,63.66,2018-05-06T19:00:00Z,57.07,2018-05-07T03:00:00Z,63.66,2018-05-06T19:00:00Z,
2018-05-07T04:00:00Z,Partly cloudy in the morning.,partly-cloudy-day,2018-05-07T09:48:18Z,2018-05-07T23:59:07Z,0.74,0,0,,0,,73.43,1525719600,50.51,1525773600,73.43,1525719600,50.51,1525773600,50.67,0.69,1017.43,0.67,7.62,1525730400,71,0.51,9,1525708800,9.99,52.72,2018-05-07T10:00:00Z,73.43,2018-05-07T19:00:00Z,52.72,2018-05-07T10:00:00Z,73.43,2018-05-07T19:00:00Z,
2018-05-08T04:00:00Z,Clear throughout the day.,clear-day,2018-05-08T09:47:12Z,2018-05-09T00:00:09Z,0.77,0,0,,0,,69.57,1525802400,49.95,1525860000,69.57,1525802400,49.95,1525860000,49.5,0.7,1023.62,1.18,8.95,1525809600,134,0.07,9,1525795200,9.95,50.51,2018-05-08T10:00:00Z,69.57,2018-05-08T18:00:00Z,50.51,2018-05-08T10:00:00Z,69.57,2018-05-08T18:00:00Z,
2018-05-09T04:00:00Z,Partly cloudy in the afternoon.,partly-cloudy-day,2018-05-09T09:46:06Z,2018-05-10T00:01:11Z,0.8,0,0,,0,,72.98,1525881600,53.24,1525946400,72.98,1525881600,53.24,1525946400,48.66,0.67,1020.86,1.37,8.92,1525888800,146,0.12,8,1525881600,9.77,49.95,2018-05-09T10:00:00Z,72.98,2018-05-09T16:00:00Z,49.95,2018-05-09T10:00:00Z,72.98,2018-05-09T16:00:00Z,
2018-05-10T04:00:00Z,Rain starting in the evening.,rain,2018-05-10T09:45:02Z,2018-05-11T00:02:12Z,0.83,0.0053,0.0736,2018-05-11T02:00:00Z,0.77,rain,66.89,1525986000,58.68,1526018400,66.89,1525986000,58.68,1526018400,53.46,0.82,1014.12,1.66,8.89,1525982400,168,0.74,6,1525964400,8.61,53.24,2018-05-10T10:00:00Z,66.89,2018-05-10T21:00:00Z,53.24,2018-05-10T10:00:00Z,66.89,2018-05-10T21:00:00Z,
2018-05-11T04:00:00Z,Mostly cloudy starting in the afternoon.,partly-cloudy-night,2018-05-11T09:44:00Z,2018-05-12T00:03:13Z,0.86,4e-4,0.0068,2018-05-11T04:00:00Z,0.32,rain,72.79,1526072400,51.97,1526122800,72.79,1526072400,51.97,1526122800,44.38,0.54,1014.89,2.55,10.69,1526054400,318,0.38,8,1526054400,9.78,58.68,2018-05-11T06:00:00Z,72.79,2018-05-11T21:00:00Z,58.68,2018-05-11T06:00:00Z,72.79,2018-05-11T21:00:00Z,
2018-05-12T04:00:00Z,Light rain in the morning and evening.,rain,2018-05-12T09:42:59Z,2018-05-13T00:04:13Z,0.9,0.01,0.044,2018-05-12T10:00:00Z,0.94,rain,58.06,1526158800,51.23,1526205600,58.06,1526158800,51.23,1526205600,48.45,0.78,1019.38,1.54,5.33,1526155200,70,1,4,1526137200,9.31,51.97,2018-05-12T11:00:00Z,63.44,2018-05-12T04:00:00Z,51.97,2018-05-12T11:00:00Z,63.44,2018-05-12T04:00:00Z,
2018-05-13T04:00:00Z,Light rain in the afternoon and overnight.,rain,2018-05-13T09:41:59Z,2018-05-14T00:05:14Z,0.93,0.0054,0.0434,2018-05-13T18:00:00Z,0.94,rain,53.79,1526223600,51.89,1526281200,53.79,1526223600,51.89,1526281200,49.48,0.9,1020.41,1.76,6.05,1526238000,71,1,4,1526223600,9.2,51.23,2018-05-13T10:00:00Z,53.79,2018-05-13T15:00:00Z,51.23,2018-05-13T10:00:00Z,53.79,2018-05-13T15:00:00Z,
2018-05-14T04:00:00Z,Mostly cloudy throughout the day.,partly-cloudy-day,2018-05-14T09:41:01Z,2018-05-15T00:06:13Z,0.97,0.0039,0.0329,2018-05-14T06:00:00Z,0.75,rain,69.03,1526328000,59.03,1526353200,69.03,1526328000,59.03,1526353200,54.35,0.86,1015.78,1.17,7.44,1526331600,171,0.78,5,1526317200,7.96,51.89,2018-05-14T07:00:00Z,69.03,2018-05-14T20:00:00Z,51.89,2018-05-14T07:00:00Z,69.03,2018-05-14T20:00:00Z,
2018-05-15T04:00:00Z,Rain in the evening.,rain,2018-05-15T09:40:05Z,2018-05-16T00:07:12Z,0.01,0.0149,0.1327,2018-05-15T22:00:00Z,0.9,rain,87.65,1526414400,61.28,1526464800,91.17,1526414400,61.28,1526464800,62.78,0.82,1011.63,2.03,16.27,1526418000,217,0.66,10,1526403600,7.28,59.36,2018-05-15T06:00:00Z,87.65,2018-05-15T20:00:00Z,59.37,2018-05-15T06:00:00Z,91.17,2018-05-15T20:00:00Z,
2018-05-16T04:00:00Z,"Light rain starting in the afternoon, continuing until evening.",rain,2018-05-16T09:39:10Z,2018-05-17T00:08:11Z,0.04,0.0123,0.0449,2018-05-16T19:00:00Z,0.92,rain,63.74,1526479200,56.02,1526544000,63.74,1526479200,56.02,1526544000,57.13,0.89,1018.25,2.21,7.96,1526500800,73,0.98,5,1526490000,7.93,56.51,2018-05-17T03:00:00Z,64.38,2018-05-16T04:00:00Z,56.51,2018-05-17T03:00:00Z,64.77,2018-05-16T04:00:00Z,
2018-05-17T04:00:00Z,Rain in the morning.,rain,2018-05-17T09:38:17Z,2018-05-18T00:09:09Z,0.08,0.0135,0.0913,2018-05-17T11:00:00Z,0.91,rain,70.46,1526590800,61.33,1526637600,70.99,1526590800,61.46,1526637600,59.41,0.92,1016.78,0.48,3.96,1526544000,54,0.78,5,1526572800,6.35,56.02,2018-05-17T08:00:00Z,70.46,2018-05-17T21:00:00Z,56.02,2018-05-17T08:00:00Z,70.99,2018-05-17T21:00:00Z,
2018-05-18T04:00:00Z,Mostly cloudy throughout the day.,partly-cloudy-day,2018-05-18T09:37:25Z,2018-05-19T00:10:07Z,0.12,0,0,,0,,63.53,1526673600,49.41,1526727600,63.53,1526673600,48.45,1526727600,49.79,0.68,1024.29,3.57,13.65,1526648400,71,0.68,8,1526662800,9.09,55.98,2018-05-19T03:00:00Z,63.57,2018-05-18T04:00:00Z,55.98,2018-05-19T03:00:00Z,64.02,2018-05-18T04:00:00Z,
2018-05-19T04:00:00Z,Rain until afternoon.,rain,2018-05-19T09:36:36Z,2018-05-20T00:11:03Z,0.15,0.0188,0.0916,2018-05-19T18:00:00Z,1,rain,55.74,1526767200,55.48,1526774400,55.74,1526767200,55.48,1526774400,49.27,0.87,1023.94,4.32,10.1,1526745600,74,1,5,1526749200,5.08,49.41,2018-05-19T11:00:00Z,55.74,2018-05-19T22:00:00Z,48.45,2018-05-19T11:00:00Z,55.74,2018-05-19T22:00:00Z,
2018-05-20T04:00:00Z,Foggy in the morning.,fog,2018-05-20T09:35:47Z,2018-05-21T00:12:00Z,0.19,6e-4,0.0029,2018-05-20T07:00:00Z,0.22,rain,80.75,1526842800,57.77,1526896800,82.26,1526842800,57.77,1526896800,61.21,0.78,1015.04,5.14,12.29,1526842800,273,0.78,6,1526832000,7.02,55.69,2018-05-20T04:00:00Z,80.75,2018-05-20T19:00:00Z,55.69,2018-05-20T04:00:00Z,82.26,2018-05-20T19:00:00Z,
2018-05-21T04:00:00Z,Clear throughout the day.,clear-day,2018-05-21T09:35:01Z,2018-05-22T00:12:55Z,0.23,0,0,,0,,74.1,1526925600,58.97,1526979600,74.1,1526925600,58.97,1526979600,50.22,0.58,1020.88,0.67,8.83,1526940000,188,0.07,10,1526922000,10,57.77,2018-05-21T10:00:00Z,74.1,2018-05-21T18:00:00Z,57.77,2018-05-21T10:00:00Z,74.1,2018-05-21T18:00:00Z,
2018-05-22T04:00:00Z,"Rain starting in the afternoon, continuing until evening.",rain,2018-05-22T09:34:16Z,2018-05-23T00:13:49Z,0.27,0.0071,0.1024,2018-05-22T20:00:00Z,1,rain,65.2,1527004800,57.45,1527044400,65.2,1527004800,57.45,1527044400,53.3,0.78,1019.51,2.23,8.97,1527008400,150,0.71,5,1527008400,9.25,57.45,2018-05-23T03:00:00Z,65.2,2018-05-22T16:00:00Z,57.45,2018-05-23T03:00:00Z,65.2,2018-05-22T16:00:00Z,
2018-05-23T04:00:00Z,Rain in the morning.,rain,2018-05-23T09:33:33Z,2018-05-24T00:14:43Z,0.3,0.0082,0.1058,2018-05-23T08:00:00Z,0.98,rain,80.33,1527112800,63.11,1527156000,80.33,1527112800,63.11,1527156000,56.55,0.71,1013.78,3.31,8.35,1527098400,304,0.61,7,1527098400,8.07,57.48,2018-05-23T04:00:00Z,80.33,2018-05-23T22:00:00Z,57.48,2018-05-23T04:00:00Z,80.33,2018-05-23T22:00:00Z,
2018-05-24T04:00:00Z,Clear throughout the day.,clear-day,2018-05-24T09:32:52Z,2018-05-25T00:15:36Z,0.34,0,0,,0,,81.56,1527195600,60.85,1527242400,81.56,1527195600,60.85,1527242400,46.42,0.43,1018.62,2.41,9.54,1527206400,276,0,10,1527177600,9.99,63.11,2018-05-24T10:00:00Z,81.56,2018-05-24T21:00:00Z,63.11,2018-05-24T10:00:00Z,81.56,2018-05-24T21:00:00Z,
2018-05-25T04:00:00Z,Clear throughout the day.,clear-day,2018-05-25T09:32:12Z,2018-05-26T00:16:28Z,0.37,0,0,,0,,84.92,1527274800,69.7,1527328800,84.92,1527274800,70.14,1527328800,53.37,0.49,1014.55,7.05,13.46,1527274800,235,0.04,10,1527267600,9.98,60.85,2018-05-25T10:00:00Z,84.92,2018-05-25T19:00:00Z,60.85,2018-05-25T10:00:00Z,84.92,2018-05-25T19:00:00Z,
2018-05-26T04:00:00Z,Partly cloudy starting in the afternoon.,partly-cloudy-day,2018-05-26T09:31:35Z,2018-05-27T00:17:19Z,0.41,0,0,,0,,87.72,1527361200,63.68,1527422400,88.81,1527361200,64.06,1527422400,64.38,0.63,1009.66,4.46,8.79,1527357600,235,0.26,7,1527346800,9.92,69.7,2018-05-26T10:00:00Z,87.72,2018-05-26T19:00:00Z,70.14,2018-05-26T10:00:00Z,88.81,2018-05-26T19:00:00Z,
2018-05-27T04:00:00Z,Rain in the morning.,rain,2018-05-27T09:30:59Z,2018-05-28T00:18:09Z,0.44,0.0144,0.1012,2018-05-27T13:00:00Z,0.94,rain,64.67,1527418800,55.13,1527498000,65,1527418800,55.13,1527498000,59.25,0.85,1015.63,7.91,13.05,1527451200,62,0.89,5,1527440400,8.37,56.92,2018-05-28T03:00:00Z,74.68,2018-05-27T04:00:00Z,56.92,2018-05-28T03:00:00Z,75.3,2018-05-27T04:00:00Z,
2018-05-28T04:00:00Z,Overcast throughout the day.,cloudy,2018-05-28T09:30:25Z,2018-05-29T00:18:59Z,0.47,0,0,,0,,67.45,1527541200,62.21,1527559200,67.45,1527541200,62.21,1527559200,54.35,0.81,1018.24,1.69,10.59,1527480000,107,1,5,1527526800,9.99,55.13,2018-05-28T09:00:00Z,67.45,2018-05-28T21:00:00Z,55.13,2018-05-28T09:00:00Z,67.45,2018-05-28T21:00:00Z,
2018-05-29T04:00:00Z,Mostly cloudy in the morning.,partly-cloudy-day,2018-05-29T09:29:53Z,2018-05-30T00:19:47Z,0.51,0,0,,0,,85.48,1527616800,63.46,1527670800,86.95,1527627600,63.94,1527670800,63.4,0.73,1015.41,2.76,6.46,1527631200,194,0.54,9,1527609600,9.23,62.73,2018-05-29T04:00:00Z,85.48,2018-05-29T18:00:00Z,62.73,2018-05-29T04:00:00Z,86.95,2018-05-29T21:00:00Z,
2018-05-30T04:00:00Z,Mostly cloudy throughout the day.,partly-cloudy-day,2018-05-30T09:29:23Z,2018-05-31T00:20:33Z,0.54,0,0,,0,,70.54,1527703200,60.15,1527728400,70.83,1527703200,60.15,1527728400,61.23,0.84,1019.48,4.24,8.43,1527706800,119,0.63,6,1527703200,8.24,60.15,2018-05-31T01:00:00Z,72.17,2018-05-30T04:00:00Z,60.15,2018-05-31T01:00:00Z,72.77,2018-05-30T04:00:00Z,
